Fund Holdings as of,"27 mar. 2026"
 
Ticker,Name,Sector,Asset Class,Market Value,Weight (%),Notional Value,Shares,Price,Location,Exchange,Market Currency
"ASML","ASML HOLDING NV","Tecnologia de informação","Equity","550 769 537,60","3,93","550 769 537,60","480 434,00","1 146,40","Holanda","Euronext Amsterdam","EUR"
"AZN","ASTRAZENECA PLC","Cuidados de saúde","Equity","316 729 721,16","2,26","316 729 721,16","1 919 650,00","164,99","Reino Unido","London Stock Exchange","GBP"
"NOVN","NOVARTIS AG","Cuidados de saúde","Equity","305 341 519,89","2,18","305 341 519,89","2 353 195,00","129,76","Suíça","SIX Swiss Exchange","CHF"
"ROP","ROCHE PS PAR AG","Cuidados de saúde","Equity","295 967 074,02","2,11","295 967 074,02","869 607,00","340,35","Suíça","SIX Swiss Exchange","CHF"
"HSBA","HSBC HOLDINGS PLC","Produtos financeiros","Equity","293 150 011,51","2,09","293 150 011,51","21 175 744,00","13,84","Reino Unido","London Stock Exchange","GBP"
"SHEL","SHELL PLC","Energia","Equity","283 377 179,24","2,02","283 377 179,24","7 054 498,00","40,17","Reino Unido","London Stock Exchange","GBP"
"NESN","NESTLE SA","Bens de primeira necessidade","Equity","265 254 260,31","1,89","265 254 260,31","3 189 108,00","83,18","Suíça","SIX Swiss Exchange","CHF"
"TTE","TOTALENERGIES","Energia","Equity","192 935 405,61","1,38","192 935 405,61","2 458 089,00","78,49","França","Nyse Euronext - Euronext Paris","EUR"
"SIE","SIEMENS N AG","Bens Industriais","Equity","192 748 610,40","1,37","192 748 610,40","940 696,00","204,90","Alemanha","Xetra","EUR"
"SAP","SAP","Tecnologia de informação","Equity","184 259 085,12","1,31","184 259 085,12","1 292 502,00","142,56","Alemanha","Xetra","EUR"
"SAN","BANCO SANTANDER SA","Produtos financeiros","Equity","171 928 300,31","1,23","171 928 300,31","18 286 354,00","9,40","Espanha","Bolsa De Madrid","EUR"
"ALV","ALLIANZ","Produtos financeiros","Equity","166 432 922,70","1,19","166 432 922,70","474 303,00","350,90","Alemanha","Xetra","EUR"
"SU","SCHNEIDER ELECTRIC","Bens Industriais","Equity","155 539 474,80","1,11","155 539 474,80","678 619,00","229,20","França","Nyse Euronext - Euronext Paris","EUR"
"IBE","IBERDROLA SA","Serviços públicos","Equity","152 828 391,38","1,09","152 828 391,38","7 991 027,00","19,13","Espanha","Bolsa De Madrid","EUR"
"DTE","DEUTSCHE TELEKOM N AG","Comunicação","Equity","144 301 936,12","1,03","144 301 936,12","4 553 548,00","31,69","Alemanha","Xetra","EUR"
"MC","LVMH","Consumo discricionário","Equity","139 984 979,75","1,00","139 984 979,75","307 153,00","455,75","França","Nyse Euronext - Euronext Paris","EUR"
"ULVR","UNILEVER PLC","Bens de primeira necessidade","Equity","139 484 745,27","1,00","139 484 745,27","2 699 151,00","51,68","Reino Unido","London Stock Exchange","GBP"
"ENR","SIEMENS ENERGY N AG","Bens Industriais","Equity","138 516 566,40","0,99","138 516 566,40","959 256,00","144,40","Alemanha","Xetra","EUR"
"BATS","BRITISH AMERICAN TOBACCO","Bens de primeira necessidade","Equity","134 946 117,00","0,96","134 946 117,00","2 688 446,00","50,19","Reino Unido","London Stock Exchange","GBP"
"ABBN","ABB LTD","Bens Industriais","Equity","133 306 343,06","0,95","133 306 343,06","1 938 545,00","68,77","Suíça","SIX Swiss Exchange","CHF"
"RR.","ROLLS-ROYCE HOLDINGS PLC","Bens Industriais","Equity","132 628 735,66","0,95","132 628 735,66","10 371 270,00","12,79","Reino Unido","London Stock Exchange","GBP"
"BP.","BP PLC","Energia","Equity","130 830 606,88","0,93","130 830 606,88","19 415 660,00","6,74","Reino Unido","London Stock Exchange","GBP"
"BBVA","BANCO BILBAO VIZCAYA ARGENTARIA SA","Produtos financeiros","Equity","126 817 378,74","0,90","126 817 378,74","7 080 814,00","17,91","Espanha","Bolsa De Madrid","EUR"
"UBSG","UBS GROUP AG","Produtos financeiros","Equity","125 727 397,12","0,90","125 727 397,12","3 929 233,00","32,00","Suíça","SIX Swiss Exchange","CHF"
"AI","LAIR LIQUIDE SOCIETE ANONYME POUR","Materiais","Equity","124 021 499,84","0,88","124 021 499,84","717 136,00","172,94","França","Nyse Euronext - Euronext Paris","EUR"
"SAF","SAFRAN SA","Bens Industriais","Equity","123 152 188,80","0,88","123 152 188,80","442 357,00","278,40","França","Nyse Euronext - Euronext Paris","EUR"
"NOVO B","NOVO NORDISK CLASS B","Cuidados de saúde","Equity","121 895 153,20","0,87","121 895 153,20","3 986 318,00","30,58","Dinamarca","Omx Nordic Exchange Copenhagen A/S","DKK"
"GSK","GLAXOSMITHKLINE","Cuidados de saúde","Equity","118 673 825,46","0,85","118 673 825,46","5 020 454,00","23,64","Reino Unido","London Stock Exchange","GBP"
"AIR","AIRBUS GROUP","Bens Industriais","Equity","117 987 305,80","0,84","117 987 305,80","735 490,00","160,42","França","Nyse Euronext - Euronext Paris","EUR"
"SAN","SANOFI SA","Cuidados de saúde","Equity","111 549 936,69","0,80","111 549 936,69","1 360 531,00","81,99","França","Nyse Euronext - Euronext Paris","EUR"
"ZURN","ZURICH INSURANCE GROUP AG","Produtos financeiros","Equity","108 080 538,12","0,77","108 080 538,12","181 157,00","596,62","Suíça","SIX Swiss Exchange","CHF"
"RIO","RIO TINTO PLC","Materiais","Equity","105 499 787,52","0,75","105 499 787,52","1 397 243,00","75,51","Reino Unido","London Stock Exchange","GBP"
"UCG","UNICREDIT","Produtos financeiros","Equity","104 494 045,10","0,75","104 494 045,10","1 735 205,00","60,22","Itália","Borsa Italiana","EUR"
"OR","LOREAL SA","Bens de primeira necessidade","Equity","104 097 700,00","0,74","104 097 700,00","297 422,00","350,00","França","Nyse Euronext - Euronext Paris","EUR"
"BNP","BNP PARIBAS SA","Produtos financeiros","Equity","101 236 812,32","0,72","101 236 812,32","1 248 604,00","81,08","França","Nyse Euronext - Euronext Paris","EUR"
"CFR","COMPAGNIE FINANCIERE RICHEMONT SA","Consumo discricionário","Equity","100 043 055,43","0,71","100 043 055,43","665 396,00","150,35","Suíça","SIX Swiss Exchange","CHF"
"ENEL","ENEL","Serviços públicos","Equity","92 237 757,55","0,66","92 237 757,55","10 085 038,00","9,15","Itália","Borsa Italiana","EUR"
"ISP","INTESA SANPAOLO","Produtos financeiros","Equity","89 221 795,63","0,64","89 221 795,63","17 501 333,00","5,10","Itália","Borsa Italiana","EUR"
"BA.","BAE SYSTEMS PLC","Bens Industriais","Equity","87 902 960,23","0,63","87 902 960,23","3 686 320,00","23,85","Reino Unido","London Stock Exchange","GBP"
"NG.","NATIONAL GRID PLC","Serviços públicos","Equity","87 755 333,44","0,63","87 755 333,44","6 151 902,00","14,26","Reino Unido","London Stock Exchange","GBP"
"MUV2","MUENCHENER RUECKVERSICHERUNGS-GESE","Produtos financeiros","Equity","83 923 195,00","0,60","83 923 195,00","160 465,00","523,00","Alemanha","Xetra","EUR"
"SPOT","SPOTIFY TECHNOLOGY SA","Comunicação","Equity","78 870 386,53","0,56","78 870 386,53","192 310,00","410,12","Suécia","New York Stock Exchange Inc.","USD"
"RHM","RHEINMETALL AG","Bens Industriais","Equity","78 551 489,00","0,56","78 551 489,00","56 942,00","1 379,50","Alemanha","Xetra","EUR"
"CS","AXA SA","Produtos financeiros","Equity","78 551 756,25","0,56","78 551 756,25","2 069 875,00","37,95","França","Nyse Euronext - Euronext Paris","EUR"
"INGA","ING GROEP NV","Produtos financeiros","Equity","78 509 893,92","0,56","78 509 893,92","3 614 636,00","21,72","Holanda","Euronext Amsterdam","EUR"
"GLEN","GLENCORE PLC","Materiais","Equity","77 846 469,03","0,56","77 846 469,03","12 533 255,00","6,21","Reino Unido","London Stock Exchange","GBP"
"DG","VINCI SA","Bens Industriais","Equity","76 716 339,70","0,55","76 716 339,70","608 377,00","126,10","França","Nyse Euronext - Euronext Paris","EUR"
"LLOY","LLOYDS BANKING GROUP PLC","Produtos financeiros","Equity","76 044 754,72","0,54","76 044 754,72","72 885 094,00","1,04","Reino Unido","London Stock Exchange","GBP"
"BARC","BARCLAYS PLC","Produtos financeiros","Equity","75 751 302,19","0,54","75 751 302,19","17 180 248,00","4,41","Reino Unido","London Stock Exchange","GBP"
"EL","ESSILORLUXOTTICA SA","Cuidados de saúde","Equity","72 674 620,40","0,52","72 674 620,40","373 073,00","194,80","França","Nyse Euronext - Euronext Paris","EUR"
"ABI","ANHEUSER-BUSCH INBEV SA","Bens de primeira necessidade","Equity","72 367 491,04","0,52","72 367 491,04","1 226 152,00","59,02","Bélgica","Nyse Euronext - Euronext Brussels","EUR"
"INVE B","INVESTOR CLASS B","Produtos financeiros","Equity","71 064 510,22","0,51","71 064 510,22","2 240 964,00","31,71","Suécia","Nasdaq Omx Nordic","SEK"
"ITX","INDUSTRIA DE DISENO TEXTIL SA","Consumo discricionário","Equity","66 841 681,50","0,48","66 841 681,50","1 350 337,00","49,50","Espanha","Bolsa De Madrid","EUR"
"RMS","HERMES INTERNATIONAL","Consumo discricionário","Equity","63 559 557,00","0,45","63 559 557,00","39 198,00","1 621,50","França","Nyse Euronext - Euronext Paris","EUR"
"PRX","PROSUS NV CLASS N","Consumo discricionário","Equity","62 255 680,96","0,44","62 255 680,96","1 607 843,00","38,72","Holanda","Euronext Amsterdam","EUR"
"REL","RELX PLC","Bens Industriais","Equity","62 071 170,73","0,44","62 071 170,73","2 248 419,00","27,61","Reino Unido","London Stock Exchange","GBP"
"NWG","NATWEST GROUP PLC","Produtos financeiros","Equity","61 521 241,22","0,44","61 521 241,22","9 879 210,00","6,23","Reino Unido","London Stock Exchange","GBP"
"ENGI","ENGIE SA","Serviços públicos","Equity","60 653 695,61","0,43","60 653 695,61","2 260 667,00","26,83","França","Nyse Euronext - Euronext Paris","EUR"
"IFX","INFINEON TECHNOLOGIES AG","Tecnologia de informação","Equity","60 285 843,47","0,43","60 285 843,47","1 610 629,00","37,43","Alemanha","Xetra","EUR"
"ENI","ENI","Energia","Equity","60 184 174,88","0,43","60 184 174,88","2 515 535,00","23,93","Itália","Borsa Italiana","EUR"
"BAS","BASF N","Materiais","Equity","57 554 765,80","0,41","57 554 765,80","1 104 698,00","52,10","Alemanha","Xetra","EUR"
"DBK","DEUTSCHE BANK AG","Produtos financeiros","Equity","56 889 964,23","0,41","56 889 964,23","2 283 362,00","24,91","Alemanha","Xetra","EUR"
"DB1","DEUTSCHE BOERSE AG","Produtos financeiros","Equity","55 201 906,30","0,39","55 201 906,30","231 067,00","238,90","Alemanha","Xetra","EUR"
"NDA FI","NORDEA BANK","Produtos financeiros","Equity","55 194 910,65","0,39","55 194 910,65","3 862 485,00","14,29","Finlândia","Nasdaq Omx Helsinki Ltd.","EUR"
"VOLV B","VOLVO CLASS B","Bens Industriais","Equity","54 186 750,78","0,39","54 186 750,78","1 966 955,00","27,55","Suécia","Nasdaq Omx Nordic","SEK"
"LSEG","LONDON STOCK EXCHANGE GROUP PLC","Produtos financeiros","Equity","53 968 062,04","0,38","53 968 062,04","567 314,00","95,13","Reino Unido","London Stock Exchange","GBP"
"BN","DANONE SA","Bens de primeira necessidade","Equity","53 571 047,08","0,38","53 571 047,08","797 663,00","67,16","França","Nyse Euronext - Euronext Paris","EUR"
"GLE","SOCIETE GENERALE SA","Produtos financeiros","Equity","53 205 181,20","0,38","53 205 181,20","854 290,00","62,28","França","Nyse Euronext - Euronext Paris","EUR"
"SREN","SWISS RE AG","Produtos financeiros","Equity","51 524 227,85","0,37","51 524 227,85","368 018,00","140,01","Suíça","SIX Swiss Exchange","CHF"
"EOAN","E.ON N","Serviços públicos","Equity","51 091 845,90","0,36","51 091 845,90","2 755 020,00","18,55","Alemanha","Xetra","EUR"
"DHL","DEUTSCHE POST AG","Bens Industriais","Equity","50 296 820,70","0,36","50 296 820,70","1 138 710,00","44,17","Alemanha","Xetra","EUR"
"DSV","DSV","Bens Industriais","Equity","50 197 295,01","0,36","50 197 295,01","250 487,00","200,40","Dinamarca","Omx Nordic Exchange Copenhagen A/S","DKK"
"CPG","COMPASS GROUP PLC","Consumo discricionário","Equity","49 483 387,20","0,35","49 483 387,20","2 104 676,00","23,51","Reino Unido","London Stock Exchange","GBP"
"CABK","CAIXABANK SA","Produtos financeiros","Equity","48 821 533,20","0,35","48 821 533,20","4 857 864,00","10,05","Espanha","Bolsa De Madrid","EUR"
"ATCO A","ATLAS COPCO CLASS A","Bens Industriais","Equity","48 531 915,70","0,35","48 531 915,70","3 300 139,00","14,71","Suécia","Nasdaq Omx Nordic","SEK"
"AAL","ANGLO AMERICAN PLC","Materiais","Equity","48 520 694,39","0,35","48 520 694,39","1 374 022,00","35,31","Reino Unido","London Stock Exchange","GBP"
"RKT","RECKITT BENCKISER GROUP PLC","Bens de primeira necessidade","Equity","47 644 605,15","0,34","47 644 605,15","799 756,00","59,57","Reino Unido","London Stock Exchange","GBP"
"LONN","LONZA GROUP AG","Cuidados de saúde","Equity","47 264 407,45","0,34","47 264 407,45","88 242,00","535,62","Suíça","SIX Swiss Exchange","CHF"
"HLN","HALEON PLC","Cuidados de saúde","Equity","46 973 473,92","0,34","46 973 473,92","11 097 751,00","4,23","Reino Unido","London Stock Exchange","GBP"
"BAYN","BAYER AG","Cuidados de saúde","Equity","46 684 086,80","0,33","46 684 086,80","1 220 180,00","38,26","Alemanha","Xetra","EUR"
"ARGX","ARGENX","Cuidados de saúde","Equity","46 525 017,80","0,33","46 525 017,80","76 597,00","607,40","Bélgica","Nyse Euronext - Euronext Brussels","EUR"
"MBG","MERCEDES-BENZ GROUP N AG","Consumo discricionário","Equity","46 149 682,02","0,33","46 149 682,02","893 854,00","51,63","Alemanha","Xetra","EUR"
"HOLN","HOLCIM LTD AG","Materiais","Equity","44 793 616,12","0,32","44 793 616,12","633 335,00","70,73","Suíça","SIX Swiss Exchange","CHF"
"AD","KONINKLIJKE AHOLD DELHAIZE NV","Bens de primeira necessidade","Equity","44 693 759,39","0,32","44 693 759,39","1 123 241,00","39,79","Holanda","Euronext Amsterdam","EUR"
"NOKIA","NOKIA","Tecnologia de informação","Equity","44 573 687,50","0,32","44 573 687,50","6 491 944,00","6,87","Finlândia","Nasdaq Omx Helsinki Ltd.","EUR"
"DGE","DIAGEO PLC","Bens de primeira necessidade","Equity","44 200 692,65","0,32","44 200 692,65","2 731 846,00","16,18","Reino Unido","London Stock Exchange","GBP"
"SSE","SSE PLC","Serviços públicos","Equity","43 205 137,66","0,31","43 205 137,66","1 508 911,00","28,63","Reino Unido","London Stock Exchange","GBP"
"RACE","FERRARI NV","Consumo discricionário","Equity","43 032 694,10","0,31","43 032 694,10","154 627,00","278,30","Itália","Borsa Italiana","EUR"
"RWE","RWE AG","Serviços públicos","Equity","42 621 790,92","0,30","42 621 790,92","779 762,00","54,66","Alemanha","Xetra","EUR"
"TSCO","TESCO PLC","Bens de primeira necessidade","Equity","42 431 028,94","0,30","42 431 028,94","8 002 645,00","5,30","Reino Unido","London Stock Exchange","GBP"
"STAN","STANDARD CHARTERED PLC","Produtos financeiros","Equity","42 423 212,55","0,30","42 423 212,55","2 395 660,00","17,71","Reino Unido","London Stock Exchange","GBP"
"SAND","SANDVIK","Bens Industriais","Equity","41 972 470,29","0,30","41 972 470,29","1 326 449,00","31,64","Suécia","Nasdaq Omx Nordic","SEK"
"LR","LEGRAND SA","Bens Industriais","Equity","41 504 388,90","0,30","41 504 388,90","322 114,00","128,85","França","Nyse Euronext - Euronext Paris","EUR"
"ORA","ORANGE SA","Comunicação","Equity","39 493 045,50","0,28","39 493 045,50","2 282 835,00","17,30","França","Nyse Euronext - Euronext Paris","EUR"
"ALC","ALCON AG","Cuidados de saúde","Equity","39 161 225,17","0,28","39 161 225,17","608 825,00","64,32","Suíça","SIX Swiss Exchange","CHF"
"UCB","UCB SA","Cuidados de saúde","Equity","39 161 556,00","0,28","39 161 556,00","155 403,00","252,00","Bélgica","Nyse Euronext - Euronext Brussels","EUR"
"SGO","COMPAGNIE DE SAINT GOBAIN SA","Bens Industriais","Equity","37 892 620,80","0,27","37 892 620,80","548 215,00","69,12","França","Nyse Euronext - Euronext Paris","EUR"
"PRU","PRUDENTIAL PLC","Produtos financeiros","Equity","37 704 296,45","0,27","37 704 296,45","3 154 722,00","11,95","Reino Unido","London Stock Exchange","GBP"
"ASSA B","ASSA ABLOY B","Bens Industriais","Equity","37 648 927,87","0,27","37 648 927,87","1 240 558,00","30,35","Suécia","Nasdaq Omx Nordic","SEK"
"ASM","ASM INTERNATIONAL NV","Tecnologia de informação","Equity","37 497 331,00","0,27","37 497 331,00","57 635,00","650,60","Holanda","Euronext Amsterdam","EUR"
"GALD","GALDERMA GROUP N AG","Cuidados de saúde","Equity","37 161 476,10","0,27","37 161 476,10","228 082,00","162,93","Suíça","SIX Swiss Exchange","CHF"
"G","ASSICURAZIONI GENERALI","Produtos financeiros","Equity","35 335 845,44","0,25","35 335 845,44","1 054 172,00","33,52","Itália","Borsa Italiana","EUR"
"REP","REPSOL SA","Energia","Equity","35 290 952,60","0,25","35 290 952,60","1 466 180,00","24,07","Espanha","Bolsa De Madrid","EUR"
"FER","FERROVIAL","Bens Industriais","Equity","34 748 564,52","0,25","34 748 564,52","635 722,00","54,66","Espanha","Bolsa De Madrid","EUR"
"SDZ","SANDOZ GROUP AG","Cuidados de saúde","Equity","34 089 601,99","0,24","34 089 601,99","517 364,00","65,89","Suíça","SIX Swiss Exchange","CHF"
"IMB","IMPERIAL BRANDS PLC","Bens de primeira necessidade","Equity","33 933 254,30","0,24","33 933 254,30","956 556,00","35,47","Reino Unido","London Stock Exchange","GBP"
"ERIC B","ERICSSON B","Tecnologia de informação","Equity","33 912 186,62","0,24","33 912 186,62","3 485 116,00","9,73","Suécia","Nasdaq Omx Nordic","SEK"
"DANSKE","DANSKE BANK","Produtos financeiros","Equity","33 899 377,04","0,24","33 899 377,04","840 745,00","40,32","Dinamarca","Omx Nordic Exchange Copenhagen A/S","DKK"
"EQNR","EQUINOR","Energia","Equity","33 848 213,40","0,24","33 848 213,40","944 836,00","35,82","Noruega","Oslo Bors Asa","NOK"
"EBS","ERSTE GROUP BANK AG","Produtos financeiros","Equity","33 827 223,40","0,24","33 827 223,40","371 116,00","91,15","Áustria","Wiener Boerse Ag","EUR"
"III","3I GROUP PLC","Produtos financeiros","Equity","32 772 087,74","0,23","32 772 087,74","1 222 883,00","26,80","Reino Unido","London Stock Exchange","GBP"
"PRY","PRYSMIAN","Bens Industriais","Equity","32 761 098,00","0,23","32 761 098,00","348 300,00","94,06","Itália","Borsa Italiana","EUR"
"GIVN","GIVAUDAN SA","Materiais","Equity","32 505 744,90","0,23","32 505 744,90","11 250,00","2 889,41","Suíça","SIX Swiss Exchange","CHF"
"EXPN","EXPERIAN PLC","Bens Industriais","Equity","32 386 830,96","0,23","32 386 830,96","1 121 599,00","28,88","Reino Unido","London Stock Exchange","GBP"
"SLHN","SWISS LIFE HOLDING AG","Produtos financeiros","Equity","31 783 971,80","0,23","31 783 971,80","34 792,00","913,55","Suíça","SIX Swiss Exchange","CHF"
"VOD","VODAFONE GROUP PLC","Comunicação","Equity","30 015 263,82","0,21","30 015 263,82","23 588 301,00","1,27","Reino Unido","London Stock Exchange","GBP"
"SWED A","SWEDBANK","Produtos financeiros","Equity","29 734 723,10","0,21","29 734 723,10","1 052 014,00","28,26","Suécia","Nasdaq Omx Nordic","SEK"
"HEI","HEIDELBERG MATERIALS AG","Materiais","Equity","29 543 019,20","0,21","29 543 019,20","166 112,00","177,85","Alemanha","Xetra","EUR"
"VWS","VESTAS WIND SYSTEMS","Bens Industriais","Equity","29 275 405,22","0,21","29 275 405,22","1 244 034,00","23,53","Dinamarca","Omx Nordic Exchange Copenhagen A/S","DKK"
"SEB A","SKANDINAVISKA ENSKILDA BANKEN","Produtos financeiros","Equity","29 186 018,35","0,21","29 186 018,35","1 862 553,00","15,67","Suécia","Nasdaq Omx Nordic","SEK"
"KBC","KBC GROEP","Produtos financeiros","Equity","29 185 341,80","0,21","29 185 341,80","283 078,00","103,10","Bélgica","Nyse Euronext - Euronext Brussels","EUR"
"SUNB","SUNBELT RENTALS HOLDINGS INC","Bens Industriais","Equity","28 661 573,01","0,20","28 661 573,01","521 943,00","54,91","Reino Unido","London Stock Exchange","GBP"
"DNB","DNB BANK","Produtos financeiros","Equity","28 477 764,74","0,20","28 477 764,74","1 103 011,00","25,82","Noruega","Oslo Bors Asa","NOK"
"LDO","LEONARDO FINMECCANICA SPA","Bens Industriais","Equity","28 039 696,12","0,20","28 039 696,12","495 226,00","56,62","Itália","Borsa Italiana","EUR"
"CBK","COMMERZBANK AG","Produtos financeiros","Equity","27 581 561,28","0,20","27 581 561,28","902 538,00","30,56","Alemanha","Xetra","EUR"
"HO","THALES SA","Bens Industriais","Equity","27 578 319,60","0,20","27 578 319,60","115 924,00","237,90","França","Nyse Euronext - Euronext Paris","EUR"
"ADS","ADIDAS N AG","Consumo discricionário","Equity","27 559 891,40","0,20","27 559 891,40","208 708,00","132,05","Alemanha","Xetra","EUR"
"BMW","BMW AG","Consumo discricionário","Equity","27 445 061,90","0,20","27 445 061,90","352 855,00","77,78","Alemanha","Xetra","EUR"
"SAMPO","SAMPO CLASS A","Produtos financeiros","Equity","27 314 473,13","0,19","27 314 473,13","3 010 191,00","9,07","Finlândia","Nasdaq Omx Helsinki Ltd.","EUR"
"AMS","AMADEUS IT GROUP SA","Consumo discricionário","Equity","26 675 325,00","0,19","26 675 325,00","548 875,00","48,60","Espanha","Bolsa De Madrid","EUR"
"SIKA","SIKA AG","Materiais","Equity","26 311 054,70","0,19","26 311 054,70","188 003,00","139,95","Suíça","SIX Swiss Exchange","CHF"
"ADYEN","ADYEN NV","Produtos financeiros","Equity","26 201 398,50","0,19","26 201 398,50","30 627,00","855,50","Holanda","Euronext Amsterdam","EUR"
"RYA","RYANAIR HOLDINGS PLC","Bens Industriais","Equity","25 956 536,15","0,19","25 956 536,15","1 054 715,00","24,61","Irlanda","Irish Stock Exchange - All Market","EUR"
"AV.","AVIVA PLC","Produtos financeiros","Equity","25 391 524,05","0,18","25 391 524,05","3 709 123,00","6,85","Reino Unido","London Stock Exchange","GBP"
"ATCO B","ATLAS COPCO CLASS B","Bens Industriais","Equity","24 960 759,37","0,18","24 960 759,37","1 909 480,00","13,07","Suécia","Nasdaq Omx Nordic","SEK"
"PGHN","PARTNERS GROUP HOLDING AG","Produtos financeiros","Equity","24 738 435,12","0,18","24 738 435,12","27 546,00","898,08","Suíça","SIX Swiss Exchange","CHF"
"VIE","VEOLIA ENVIRON. SA","Serviços públicos","Equity","24 547 823,16","0,18","24 547 823,16","770 007,00","31,88","França","Nyse Euronext - Euronext Paris","EUR"
"GEBN","GEBERIT AG","Bens Industriais","Equity","24 359 670,89","0,17","24 359 670,89","42 011,00","579,84","Suíça","SIX Swiss Exchange","CHF"
"DTG","DAIMLER TRUCK HOLDING E AG","Bens Industriais","Equity","24 194 224,80","0,17","24 194 224,80","592 560,00","40,83","Alemanha","Xetra","EUR"
"ML","MICHELIN","Consumo discricionário","Equity","24 051 121,00","0,17","24 051 121,00","829 349,00","29,00","França","Nyse Euronext - Euronext Paris","EUR"
"AER","AERCAP HOLDINGS NV","Bens Industriais","Equity","23 993 812,20","0,17","23 993 812,20","207 243,00","115,78","Holanda","New York Stock Exchange Inc.","USD"
"AENA","AENA SME SA","Bens Industriais","Equity","23 938 932,60","0,17","23 938 932,60","934 020,00","25,63","Espanha","Bolsa De Madrid","EUR"
"ACS","ACS ACTIVIDADES DE CONSTRUCCION Y","Bens Industriais","Equity","23 509 400,00","0,17","23 509 400,00","229 360,00","102,50","Espanha","Bolsa De Madrid","EUR"
"STMPA","STMICROELECTRONICS NV","Tecnologia de informação","Equity","23 486 837,27","0,17","23 486 837,27","823 955,00","28,50","França","Nyse Euronext - Euronext Paris","EUR"
"HEIA","HEINEKEN NV","Bens de primeira necessidade","Equity","23 459 750,28","0,17","23 459 750,28","360 033,00","65,16","Holanda","Euronext Amsterdam","EUR"
"SCMN","SWISSCOM AG","Comunicação","Equity","23 267 645,15","0,17","23 267 645,15","31 982,00","727,53","Suíça","SIX Swiss Exchange","CHF"
"KNEBV","KONE","Bens Industriais","Equity","23 134 974,66","0,17","23 134 974,66","420 483,00","55,02","Finlândia","Nasdaq Omx Helsinki Ltd.","EUR"
"MT","ARCELORMITTAL SA","Materiais","Equity","22 954 135,60","0,16","22 954 135,60","527 560,00","43,51","França","Euronext Amsterdam","EUR"
"FRE","FRESENIUS SE AND CO KGAA","Cuidados de saúde","Equity","22 805 007,80","0,16","22 805 007,80","521 615,00","43,72","Alemanha","Xetra","EUR"
"KER","KERING SA","Consumo discricionário","Equity","22 549 116,20","0,16","22 549 116,20","90 814,00","248,30","França","Nyse Euronext - Euronext Paris","EUR"
"NBIS","NEBIUS NV CLASS A","Tecnologia de informação","Equity","22 509 363,48","0,16","22 509 363,48","257 210,00","87,51","Holanda","NASDAQ","USD"
"PHIA","KONINKLIJKE PHILIPS NV","Cuidados de saúde","Equity","22 269 324,24","0,16","22 269 324,24","948 438,00","23,48","Holanda","Euronext Amsterdam","EUR"
"KPN","KONINKLIJKE KPN NV","Comunicação","Equity","22 220 359,98","0,16","22 220 359,98","4 695 765,00","4,73","Holanda","Euronext Amsterdam","EUR"
"VOW3","VOLKSWAGEN NON-VOTING PREF AG","Consumo discricionário","Equity","22 168 023,76","0,16","22 168 023,76","256 337,00","86,48","Alemanha","Xetra","EUR"
"NSIS B","NOVOZYMES B","Materiais","Equity","22 057 462,71","0,16","22 057 462,71","433 526,00","50,88","Dinamarca","Omx Nordic Exchange Copenhagen A/S","DKK"
"NN","NN GROUP NV","Produtos financeiros","Equity","21 809 039,12","0,16","21 809 039,12","331 243,00","65,84","Holanda","Euronext Amsterdam","EUR"
"A5G","AIB GROUP PLC","Produtos financeiros","Equity","21 563 851,14","0,15","21 563 851,14","2 516 202,00","8,57","Irlanda","Irish Stock Exchange - All Market","EUR"
"SAAB B","SAAB CLASS B","Bens Industriais","Equity","21 541 123,63","0,15","21 541 123,63","396 583,00","54,32","Suécia","Nasdaq Omx Nordic","SEK"
"HBAN","HELVETIA BALOISE HOLDING N AG","Produtos financeiros","Equity","21 453 086,55","0,15","21 453 086,55","98 097,00","218,69","Suíça","SIX Swiss Exchange","CHF"
"HEXA B","HEXAGON CLASS B","Tecnologia de informação","Equity","20 934 653,59","0,15","20 934 653,59","2 550 342,00","8,21","Suécia","Nasdaq Omx Nordic","SEK"
"UMG","UNIVERSAL MUSIC GROUP NV","Comunicação","Equity","20 844 275,54","0,15","20 844 275,54","1 340 037,00","15,56","Holanda","Euronext Amsterdam","EUR"
"NXT","NEXT PLC","Consumo discricionário","Equity","20 775 206,21","0,15","20 775 206,21","145 405,00","142,88","Reino Unido","London Stock Exchange","GBP"
"GBP","GBP CASH","Caixa e/ou Derivativos","Cash","20 644 660,56","0,15","20 644 660,56","17 895 249,00","115,36","Reino Unido","-","GBP"
"CCEP","COCA COLA EUROPACIFIC PARTNERS PLC","Bens de primeira necessidade","Equity","20 374 856,02","0,15","20 374 856,02","256 142,00","79,55","Holanda","NASDAQ","USD"
"ACA","CREDIT AGRICOLE SA","Produtos financeiros","Equity","20 326 930,80","0,15","20 326 930,80","1 280 840,00","15,87","França","Nyse Euronext - Euronext Paris","EUR"
"IHG","INTERCONTINENTAL HOTELS GROUP PLC","Consumo discricionário","Equity","20 149 328,07","0,14","20 149 328,07","178 356,00","112,97","Reino Unido","London Stock Exchange","USD"
"HLMA","HALMA PLC","Tecnologia de informação","Equity","19 954 877,80","0,14","19 954 877,80","464 982,00","42,92","Reino Unido","London Stock Exchange","GBP"
"LGEN","LEGAL AND GENERAL GROUP PLC","Produtos financeiros","Equity","19 908 000,08","0,14","19 908 000,08","7 172 359,00","2,78","Reino Unido","London Stock Exchange","GBP"
"VNA","VONOVIA SE","Imobiliário","Equity","19 893 277,92","0,14","19 893 277,92","945 498,00","21,04","Alemanha","Xetra","EUR"
"SHB A","SVENSKA HANDELSBANKEN-A SHS","Produtos financeiros","Equity","19 823 205,11","0,14","19 823 205,11","1 813 132,00","10,93","Suécia","Nasdaq Omx Nordic","SEK"
"MTX","MTU AERO ENGINES HOLDING AG","Bens Industriais","Equity","19 719 504,20","0,14","19 719 504,20","66 418,00","296,90","Alemanha","Xetra","EUR"
"PUB","PUBLICIS GROUPE SA","Comunicação","Equity","19 617 758,40","0,14","19 617 758,40","286 140,00","68,56","França","Nyse Euronext - Euronext Paris","EUR"
"WRT1V","WARTSILA","Bens Industriais","Equity","19 527 950,48","0,14","19 527 950,48","622 504,00","31,37","Finlândia","Nasdaq Omx Helsinki Ltd.","EUR"
"BPE","BPER BANCA","Produtos financeiros","Equity","19 474 860,60","0,14","19 474 860,60","1 792 440,00","10,87","Itália","Borsa Italiana","EUR"
"BIRG","BANK OF IRELAND GROUP PLC","Produtos financeiros","Equity","19 177 925,31","0,14","19 177 925,31","1 246 129,00","15,39","Irlanda","Irish Stock Exchange - All Market","EUR"
"ABN","ABN AMRO BANK NV","Produtos financeiros","Equity","19 139 576,95","0,14","19 139 576,95","718 183,00","26,65","Holanda","Euronext Amsterdam","EUR"
"CAP","CAPGEMINI","Tecnologia de informação","Equity","19 105 416,20","0,14","19 105 416,20","198 601,00","96,20","França","Nyse Euronext - Euronext Paris","EUR"
"SAB","BANCO DE SABADELL SA","Produtos financeiros","Equity","18 705 634,76","0,13","18 705 634,76","6 187 772,00","3,02","Espanha","Bolsa De Madrid","EUR"
"ANTO","ANTOFAGASTA PLC","Materiais","Equity","18 701 403,39","0,13","18 701 403,39","496 350,00","37,68","Reino Unido","London Stock Exchange","GBP"
"HNR1","HANNOVER RUECK","Produtos financeiros","Equity","18 695 398,20","0,13","18 695 398,20","72 519,00","257,80","Alemanha","Xetra","EUR"
"EUR","EUR CASH","Caixa e/ou Derivativos","Cash","18 667 809,16","0,13","18 667 809,16","18 667 809,00","100,00","União Europeia","-","EUR"
"SGSN","SGS SA","Bens Industriais","Equity","18 644 389,90","0,13","18 644 389,90","204 235,00","91,29","Suíça","SIX Swiss Exchange","CHF"
"WKL","WOLTERS KLUWER NV","Bens Industriais","Equity","18 260 196,24","0,13","18 260 196,24","293 007,00","62,32","Holanda","Euronext Amsterdam","EUR"
"BMPS","BANCA MONTE DEI PASCHI DI SIENA SP","Produtos financeiros","Equity","18 217 522,57","0,13","18 217 522,57","2 429 975,00","7,50","Itália","Borsa Italiana","EUR"
"KOG","KONGSBERG GRUPPEN","Bens Industriais","Equity","18 046 429,84","0,13","18 046 429,84","532 513,00","33,89","Noruega","Oslo Bors Asa","NOK"
"GMAB","GENMAB","Cuidados de saúde","Equity","17 482 456,37","0,12","17 482 456,37","77 646,00","225,16","Dinamarca","Omx Nordic Exchange Copenhagen A/S","DKK"
"VACN","VAT GROUP AG","Bens Industriais","Equity","17 325 509,81","0,12","17 325 509,81","32 419,00","534,43","Suíça","SIX Swiss Exchange","CHF"
"EDP","EDP ENERGIAS DE PORTUGAL SA","Serviços públicos","Equity","17 259 373,20","0,12","17 259 373,20","3 967 672,00","4,35","Portugal","Nyse Euronext - Euronext Lisbon","EUR"
"BT.A","BT GROUP PLC","Comunicação","Equity","17 242 420,97","0,12","17 242 420,97","7 319 350,00","2,36","Reino Unido","London Stock Exchange","GBP"
"UPM","UPM-KYMMENE","Materiais","Equity","17 160 021,45","0,12","17 160 021,45","662 805,00","25,89","Finlândia","Nasdaq Omx Helsinki Ltd.","EUR"
"MRK","MERCK","Cuidados de saúde","Equity","16 636 243,25","0,12","16 636 243,25","158 365,00","105,05","Alemanha","Xetra","EUR"
"EPI A","EPIROC CLASS A","Bens Industriais","Equity","16 630 653,42","0,12","16 630 653,42","811 312,00","20,50","Suécia","Nasdaq Omx Nordic","SEK"
"TEF","TELEFONICA SA","Comunicação","Equity","16 565 376,10","0,12","16 565 376,10","4 511 268,00","3,67","Espanha","Bolsa De Madrid","EUR"
"TRN","TERNA RETE ELETTRICA NAZIONALE","Serviços públicos","Equity","16 545 138,16","0,12","16 545 138,16","1 730 301,00","9,56","Itália","Borsa Italiana","EUR"
"ESSITY B","ESSITY CLASS B","Bens de primeira necessidade","Equity","16 329 614,34","0,12","16 329 614,34","737 201,00","22,15","Suécia","Nasdaq Omx Nordic","SEK"
"ALFA","ALFA LAVAL","Bens Industriais","Equity","16 324 142,33","0,12","16 324 142,33","353 955,00","46,12","Suécia","Nasdaq Omx Nordic","SEK"
"BAMI","BANCO BPM","Produtos financeiros","Equity","16 255 020,78","0,12","16 255 020,78","1 392 293,00","11,68","Itália","Borsa Italiana","EUR"
"LISN","CHOCOLADEFABRIKEN LINDT & SPRUENGL","Bens de primeira necessidade","Equity","16 165 389,97","0,12","16 165 389,97","133,00","121 544,80","Suíça","SIX Swiss Exchange","CHF"
"RI","PERNOD RICARD SA","Bens de primeira necessidade","Equity","16 044 888,30","0,11","16 044 888,30","247 989,00","64,70","França","Nyse Euronext - Euronext Paris","EUR"
"CLNX","CELLNEX TELECOM","Comunicação","Equity","16 038 238,05","0,11","16 038 238,05","605 445,00","26,49","Espanha","Bolsa De Madrid","EUR"
"BAER","JULIUS BAER GRUPPE AG","Produtos financeiros","Equity","15 895 514,45","0,11","15 895 514,45","254 357,00","62,49","Suíça","SIX Swiss Exchange","CHF"
"RTO","RENTOKIL INITIAL PLC","Bens Industriais","Equity","15 859 911,17","0,11","15 859 911,17","3 004 310,00","5,28","Reino Unido","London Stock Exchange","GBP"
"BESI","BE SEMICONDUCTOR INDUSTRIES NV","Tecnologia de informação","Equity","15 803 992,10","0,11","15 803 992,10","90 386,00","174,85","Holanda","Euronext Amsterdam","EUR"
"SRG","SNAM","Serviços públicos","Equity","15 531 847,87","0,11","15 531 847,87","2 433 696,00","6,38","Itália","Borsa Italiana","EUR"
"EQT","EQT","Produtos financeiros","Equity","15 462 391,04","0,11","15 462 391,04","607 427,00","25,46","Suécia","Nasdaq Omx Nordic","SEK"
"ELE","ENDESA SA","Serviços públicos","Equity","15 152 218,90","0,11","15 152 218,90","434 161,00","34,90","Espanha","Bolsa De Madrid","EUR"
"BOL","BOLIDEN","Materiais","Equity","15 042 826,71","0,11","15 042 826,71","350 372,00","42,93","Suécia","Nasdaq Omx Nordic","SEK"
"SHL","SIEMENS HEALTHINEERS AG","Cuidados de saúde","Equity","14 776 747,20","0,11","14 776 747,20","413 220,00","35,76","Alemanha","Xetra","EUR"
"LISP","CHOCOLADEFABRIKEN LINDT & SPRUENGL","Bens de primeira necessidade","Equity","14 653 742,82","0,10","14 653 742,82","1 231,00","11 903,98","Suíça","SIX Swiss Exchange","CHF"
"SN.","SMITH AND NEPHEW PLC","Cuidados de saúde","Equity","14 553 113,02","0,10","14 553 113,02","1 057 415,00","13,76","Reino Unido","London Stock Exchange","GBP"
"STLAM","STELLANTIS NV","Consumo discricionário","Equity","14 399 612,44","0,10","14 399 612,44","2 448 081,00","5,88","Itália","Borsa Italiana","EUR"
"LOGN","LOGITECH INTERNATIONAL SA","Tecnologia de informação","Equity","14 282 033,32","0,10","14 282 033,32","182 183,00","78,39","Suíça","SIX Swiss Exchange","CHF"
"SPSN","SWISS PRIME SITE AG","Imobiliário","Equity","14 238 038,06","0,10","14 238 038,06","99 114,00","143,65","Suíça","SIX Swiss Exchange","CHF"
"MONC","MONCLER","Consumo discricionário","Equity","14 174 277,16","0,10","14 174 277,16","282 694,00","50,14","Itália","Borsa Italiana","EUR"
"SCHP","SCHINDLER HOLDING PAR AG","Bens Industriais","Equity","14 098 068,49","0,10","14 098 068,49","50 329,00","280,12","Suíça","SIX Swiss Exchange","CHF"
"NHY","NORSK HYDRO","Materiais","Equity","14 082 000,68","0,10","14 082 000,68","1 704 834,00","8,26","Noruega","Oslo Bors Asa","NOK"
"DSY","DASSAULT SYSTEMES","Tecnologia de informação","Equity","13 981 642,47","0,10","13 981 642,47","842 014,00","16,61","França","Nyse Euronext - Euronext Paris","EUR"
"CNA","CENTRICA PLC","Serviços públicos","Equity","13 965 642,12","0,10","13 965 642,12","5 995 903,00","2,33","Reino Unido","London Stock Exchange","GBP"
"DSFIR","DSM FIRMENICH AG","Materiais","Equity","13 931 395,50","0,10","13 931 395,50","230 271,00","60,50","Holanda","Euronext Amsterdam","EUR"
"HEN3","HENKEL & KGAA PREF AG","Bens de primeira necessidade","Equity","13 906 534,32","0,10","13 906 534,32","208 244,00","66,78","Alemanha","Xetra","EUR"
"FBK","FINECOBANK BANCA FINECO","Produtos financeiros","Equity","13 875 448,24","0,10","13 875 448,24","744 391,00","18,64","Itália","Borsa Italiana","EUR"
"NESTE","NESTE","Energia","Equity","13 817 298,26","0,10","13 817 298,26","513 082,00","26,93","Finlândia","Nasdaq Omx Helsinki Ltd.","EUR"
"INF","INFORMA PLC","Comunicação","Equity","13 775 790,98","0,10","13 775 790,98","1 599 834,00","8,61","Reino Unido","London Stock Exchange","GBP"
"URW","UNIBAIL RODAMCO WE STAPLED UNITS","Imobiliário","Equity","13 720 399,38","0,10","13 720 399,38","148 779,00","92,22","França","Nyse Euronext - Euronext Paris","EUR"
"RO","ROCHE HOLDING AG","Cuidados de saúde","Equity","13 520 718,10","0,10","13 520 718,10","38 435,00","351,78","Suíça","SIX Swiss Exchange","CHF"
"KRX","KINGSPAN GROUP PLC","Bens Industriais","Equity","13 492 936,20","0,10","13 492 936,20","188 186,00","71,70","Irlanda","Irish Stock Exchange - All Market","EUR"
"KRZ","KERRY GROUP PLC","Bens de primeira necessidade","Equity","13 479 304,80","0,10","13 479 304,80","201 786,00","66,80","Irlanda","Irish Stock Exchange - All Market","EUR"
"CCH","COCA COLA HBC AG","Bens de primeira necessidade","Equity","13 276 464,71","0,09","13 276 464,71","271 295,00","48,94","Reino Unido","London Stock Exchange","GBP"
"TELIA","TELIA COMPANY","Comunicação","Equity","12 626 043,56","0,09","12 626 043,56","2 901 725,00","4,35","Suécia","Nasdaq Omx Nordic","SEK"
"TEN","TENARIS SA","Energia","Equity","12 476 894,43","0,09","12 476 894,43","491 023,00","25,41","Itália","Borsa Italiana","EUR"
"UU.","UNITED UTILITIES GROUP PLC","Serviços públicos","Equity","12 460 421,16","0,09","12 460 421,16","837 934,00","14,87","Reino Unido","London Stock Exchange","GBP"
"ENX","EURONEXT NV","Produtos financeiros","Equity","12 348 153,60","0,09","12 348 153,60","93 264,00","132,40","França","Nyse Euronext - Euronext Paris","EUR"
"CARL B","CARLSBERG AS CL B","Bens de primeira necessidade","Equity","12 261 240,36","0,09","12 261 240,36","115 018,00","106,60","Dinamarca","Omx Nordic Exchange Copenhagen A/S","DKK"
"ORSTED","ORSTED A/S","Serviços públicos","Equity","12 116 967,40","0,09","12 116 967,40","633 405,00","19,13","Dinamarca","Omx Nordic Exchange Copenhagen A/S","DKK"
"AKRBP","AKER BP","Energia","Equity","12 065 077,39","0,09","12 065 077,39","381 517,00","31,62","Noruega","Oslo Bors Asa","NOK"
"AGS","AGEAS SA","Produtos financeiros","Equity","11 996 543,00","0,09","11 996 543,00","194 276,00","61,75","Bélgica","Nyse Euronext - Euronext Brussels","EUR"
"BG","BAWAG GROUP AG","Produtos financeiros","Equity","11 988 740,00","0,09","11 988 740,00","95 300,00","125,80","Áustria","Wiener Boerse Ag","EUR"
"STMN","STRAUMANN HOLDING AG","Cuidados de saúde","Equity","11 958 616,78","0,09","11 958 616,78","134 892,00","88,65","Suíça","SIX Swiss Exchange","CHF"
"CHF","CHF CASH","Caixa e/ou Derivativos","Cash","11 937 514,46","0,09","11 937 514,46","10 960 833,00","108,91","Suíça","-","CHF"
"GALP","GALP ENERGIA SGPS SA CLASS B","Energia","Equity","11 932 044,88","0,09","11 932 044,88","582 904,00","20,47","Portugal","Nyse Euronext - Euronext Lisbon","EUR"
"TEL2 B","TELE2 B","Comunicação","Equity","11 895 328,09","0,08","11 895 328,09","684 531,00","17,38","Suécia","Nasdaq Omx Nordic","SEK"
"SOON","SONOVA HOLDING AG","Cuidados de saúde","Equity","11 817 510,73","0,08","11 817 510,73","62 630,00","188,69","Suíça","SIX Swiss Exchange","CHF"
"G1A","GEA GROUP AG","Bens Industriais","Equity","11 733 136,50","0,08","11 733 136,50","197 030,00","59,55","Alemanha","Xetra","EUR"
"FGR","EIFFAGE SA","Bens Industriais","Equity","11 700 871,65","0,08","11 700 871,65","90 459,00","129,35","França","Nyse Euronext - Euronext Paris","EUR"
"EN","BOUYGUES SA","Bens Industriais","Equity","11 670 550,88","0,08","11 670 550,88","238 564,00","48,92","França","Nyse Euronext - Euronext Paris","EUR"
"SY1","SYMRISE AG","Materiais","Equity","11 639 500,18","0,08","11 639 500,18","160 811,00","72,38","Alemanha","Xetra","EUR"
"EDV","ENDEAVOUR MINING","Materiais","Equity","11 631 353,53","0,08","11 631 353,53","236 563,00","49,17","Reino Unido","London Stock Exchange","GBP"
"METSO","METSO CORPORATION","Bens Industriais","Equity","11 628 165,74","0,08","11 628 165,74","804 439,00","14,46","Finlândia","Nasdaq Omx Helsinki Ltd.","EUR"
"ASRNL","ASR NEDERLAND NV","Produtos financeiros","Equity","11 524 600,00","0,08","11 524 600,00","198 700,00","58,00","Holanda","Euronext Amsterdam","EUR"
"SVT","SEVERN TRENT PLC","Serviços públicos","Equity","11 516 150,82","0,08","11 516 150,82","333 304,00","34,55","Reino Unido","London Stock Exchange","GBP"
"FORTUM","FORTUM","Serviços públicos","Equity","11 504 316,24","0,08","11 504 316,24","550 973,00","20,88","Finlândia","Nasdaq Omx Helsinki Ltd.","EUR"
"SGRO","SEGRO REIT PLC","Imobiliário","Equity","11 393 411,77","0,08","11 393 411,77","1 545 066,00","7,37","Reino Unido","London Stock Exchange","GBP"
"PST","POSTE ITALIANE","Produtos financeiros","Equity","11 386 420,52","0,08","11 386 420,52","575 217,00","19,80","Itália","Borsa Italiana","EUR"
"MOWI","MOWI","Bens de primeira necessidade","Equity","11 319 526,43","0,08","11 319 526,43","594 780,00","19,03","Noruega","Oslo Bors Asa","NOK"
"KNIN","KUEHNE UND NAGEL INTERNATIONAL AG","Bens Industriais","Equity","11 257 866,49","0,08","11 257 866,49","60 308,00","186,67","Suíça","SIX Swiss Exchange","CHF"
"CA","CARREFOUR SA","Bens de primeira necessidade","Equity","11 258 573,62","0,08","11 258 573,62","734 175,00","15,34","França","Nyse Euronext - Euronext Paris","EUR"
"SGE","THE SAGE GROUP PLC","Tecnologia de informação","Equity","11 223 677,58","0,08","11 223 677,58","1 199 326,00","9,36","Reino Unido","London Stock Exchange","GBP"
"BVI","BUREAU VERITAS SA","Bens Industriais","Equity","11 024 326,80","0,08","11 024 326,80","422 388,00","26,10","França","Nyse Euronext - Euronext Paris","EUR"
"TEL","TELENOR","Comunicação","Equity","11 013 794,31","0,08","11 013 794,31","742 621,00","14,83","Noruega","Oslo Bors Asa","NOK"
"OMV","OMV AG","Energia","Equity","10 957 135,00","0,08","10 957 135,00","178 892,00","61,25","Áustria","Wiener Boerse Ag","EUR"
"BKT","BANKINTER SA","Produtos financeiros","Equity","10 920 463,77","0,08","10 920 463,77","819 547,00","13,32","Espanha","Bolsa De Madrid","EUR"
"SMIN","SMITHS GROUP PLC","Bens Industriais","Equity","10 920 723,78","0,08","10 920 723,78","413 738,00","26,40","Reino Unido","London Stock Exchange","GBP"
"ADM","ADMIRAL GROUP PLC","Produtos financeiros","Equity","10 714 244,70","0,08","10 714 244,70","303 508,00","35,30","Reino Unido","London Stock Exchange","GBP"
"HM B","HENNES & MAURITZ","Consumo discricionário","Equity","10 682 840,00","0,08","10 682 840,00","683 344,00","15,63","Suécia","Nasdaq Omx Nordic","SEK"
"USD","USD CASH","Caixa e/ou Derivativos","Cash","10 549 782,07","0,08","10 549 782,07","12 153 876,00","86,80","Estados Unidos","-","USD"
"AKZA","AKZO NOBEL NV","Materiais","Equity","10 534 874,76","0,08","10 534 874,76","214 647,00","49,08","Holanda","Euronext Amsterdam","EUR"
"DKK","DKK CASH","Caixa e/ou Derivativos","Cash","10 474 581,98","0,07","10 474 581,98","78 272 356,00","13,38","Dinamarca","-","DKK"
"FME","FRESENIUS MEDICAL CARE AG","Cuidados de saúde","Equity","10 384 448,84","0,07","10 384 448,84","269 446,00","38,54","Alemanha","Xetra","EUR"
"MAERSK B","A P MOLLER MAERSK B","Bens Industriais","Equity","10 381 648,29","0,07","10 381 648,29","4 820,00","2 153,87","Dinamarca","Omx Nordic Exchange Copenhagen A/S","DKK"
"AGN","AEGON LTD","Produtos financeiros","Equity","10 317 268,04","0,07","10 317 268,04","1 704 770,00","6,05","Holanda","Euronext Amsterdam","EUR"
"BNZL","BUNZL","Bens Industriais","Equity","10 193 133,01","0,07","10 193 133,01","408 301,00","24,96","Reino Unido","London Stock Exchange","GBP"
"ERF","EUROFINS SCIENTIFIC","Cuidados de saúde","Equity","10 119 040,00","0,07","10 119 040,00","163 000,00","62,08","França","Nyse Euronext - Euronext Paris","EUR"
"FRES","FRESNILLO PLC","Materiais","Equity","9 993 738,53","0,07","9 993 738,53","272 758,00","36,64","Reino Unido","London Stock Exchange","GBP"
"YAR","YARA INTERNATIONAL","Materiais","Equity","9 893 011,27","0,07","9 893 011,27","205 808,00","48,07","Noruega","Oslo Bors Asa","NOK"
"ALO","ALSTOM SA","Bens Industriais","Equity","9 839 241,20","0,07","9 839 241,20","416 917,00","23,60","França","Nyse Euronext - Euronext Paris","EUR"
"SEK","SEK CASH","Caixa e/ou Derivativos","Cash","9 824 786,76","0,07","9 824 786,76","107 026 283,00","9,18","Suécia","-","SEK"
"AC","ACCOR SA","Consumo discricionário","Equity","9 617 811,84","0,07","9 617 811,84","237 888,00","40,43","França","Nyse Euronext - Euronext Paris","EUR"
"HEIO","HEINEKEN HOLDING NV","Bens de primeira necessidade","Equity","9 558 301,90","0,07","9 558 301,90","157 858,00","60,55","Holanda","Euronext Amsterdam","EUR"
"MKS","MARKS AND SPENCER GROUP PLC","Bens de primeira necessidade","Equity","9 294 869,28","0,07","9 294 869,28","2 471 472,00","3,76","Reino Unido","London Stock Exchange","GBP"
"ORNBV","ORION CLASS B","Cuidados de saúde","Equity","9 281 208,40","0,07","9 281 208,40","137 908,00","67,30","Finlândia","Nasdaq Omx Helsinki Ltd.","EUR"
"SKA B","SKANSKA B","Bens Industriais","Equity","9 267 017,01","0,07","9 267 017,01","410 200,00","22,59","Suécia","Nasdaq Omx Nordic","SEK"
"UNI","UNIPOL ASSICURAZIONI SPA","Produtos financeiros","Equity","9 163 803,93","0,07","9 163 803,93","477 033,00","19,21","Itália","Borsa Italiana","EUR"
"BNR","BRENNTAG","Bens Industriais","Equity","9 115 814,50","0,07","9 115 814,50","161 915,00","56,30","Alemanha","Xetra","EUR"
"ORK","ORKLA","Bens de primeira necessidade","Equity","8 940 806,82","0,06","8 940 806,82","844 595,00","10,59","Noruega","Oslo Bors Asa","NOK"
"EVO","EVOLUTION","Consumo discricionário","Equity","8 933 710,17","0,06","8 933 710,17","176 495,00","50,62","Suécia","Nasdaq Omx Nordic","SEK"
"ADDT B","ADDTECH CLASS B","Bens Industriais","Equity","8 929 194,10","0,06","8 929 194,10","314 994,00","28,35","Suécia","Nasdaq Omx Nordic","SEK"
"BEI","BEIERSDORF AG","Bens de primeira necessidade","Equity","8 923 864,40","0,06","8 923 864,40","119 303,00","74,80","Alemanha","Xetra","EUR"
"MRO","MELROSE INDUSTRIES PLC","Bens Industriais","Equity","8 894 250,49","0,06","8 894 250,49","1 567 019,00","5,68","Reino Unido","London Stock Exchange","GBP"
"EPI B","EPIROC CLASS B","Bens Industriais","Equity","8 846 554,08","0,06","8 846 554,08","491 182,00","18,01","Suécia","Nasdaq Omx Nordic","SEK"
"COLO B","COLOPLAST B","Cuidados de saúde","Equity","8 771 966,21","0,06","8 771 966,21","152 405,00","57,56","Dinamarca","Omx Nordic Exchange Copenhagen A/S","DKK"
"MNG","M&G PLC","Produtos financeiros","Equity","8 726 512,88","0,06","8 726 512,88","2 772 850,00","3,15","Reino Unido","London Stock Exchange","GBP"
"RXL","REXEL SA","Bens Industriais","Equity","8 696 304,00","0,06","8 696 304,00","265 536,00","32,75","França","Nyse Euronext - Euronext Paris","EUR"
"TIT","TELECOM ITALIA","Comunicação","Equity","8 677 097,92","0,06","8 677 097,92","14 657 260,00","0,59","Itália","Borsa Italiana","EUR"
"SECU B","SECURITAS B","Bens Industriais","Equity","8 676 321,99","0,06","8 676 321,99","606 841,00","14,30","Suécia","Nasdaq Omx Nordic","SEK"
"QIA","QIAGEN NV","Cuidados de saúde","Equity","8 638 968,55","0,06","8 638 968,55","254 499,00","33,95","Alemanha","Xetra","EUR"
"ABF","ASSOCIATED BRITISH FOODS PLC","Bens de primeira necessidade","Equity","8 567 552,06","0,06","8 567 552,06","403 836,00","21,22","Reino Unido","London Stock Exchange","GBP"
"SKF B","SKF B","Bens Industriais","Equity","8 483 470,49","0,06","8 483 470,49","424 115,00","20,00","Suécia","Nasdaq Omx Nordic","SEK"
"WISE","WISE PLC CLASS A","Produtos financeiros","Equity","8 419 511,80","0,06","8 419 511,80","809 564,00","10,40","Reino Unido","London Stock Exchange","GBP"
"KBX","KNORR BREMSE AG","Bens Industriais","Equity","8 315 476,05","0,06","8 315 476,05","86 037,00","96,65","Alemanha","Xetra","EUR"
"TRYG","TRYG","Produtos financeiros","Equity","8 314 233,60","0,06","8 314 233,60","410 092,00","20,27","Dinamarca","Omx Nordic Exchange Copenhagen A/S","DKK"
"SOBI","SWEDISH ORPHAN BIOVITRUM","Cuidados de saúde","Equity","8 310 534,64","0,06","8 310 534,64","234 779,00","35,40","Suécia","Nasdaq Omx Nordic","SEK"
"INDU C","INDUSTRIVARDEN SERIES","Produtos financeiros","Equity","8 304 255,08","0,06","8 304 255,08","200 138,00","41,49","Suécia","Nasdaq Omx Nordic","SEK"
"BCP","BANCO COMERCIAL PORTUGUES SA","Produtos financeiros","Equity","8 291 715,39","0,06","8 291 715,39","10 262 024,00","0,81","Portugal","Nyse Euronext - Euronext Lisbon","EUR"
"TLX","TALANX AG","Produtos financeiros","Equity","8 269 355,00","0,06","8 269 355,00","80 285,00","103,00","Alemanha","Xetra","EUR"
"PSON","PEARSON PLC","Consumo discricionário","Equity","8 263 638,20","0,06","8 263 638,20","751 007,00","11,00","Reino Unido","London Stock Exchange","GBP"
"BEAN","BELIMO N AG","Bens Industriais","Equity","8 256 817,52","0,06","8 256 817,52","12 101,00","682,33","Suíça","SIX Swiss Exchange","CHF"
"CON","CONTINENTAL AG","Consumo discricionário","Equity","8 235 995,76","0,06","8 235 995,76","137 404,00","59,94","Alemanha","Xetra","EUR"
"TREL B","TRELLEBORG B","Bens Industriais","Equity","8 046 278,74","0,06","8 046 278,74","258 028,00","31,18","Suécia","Nasdaq Omx Nordic","SEK"
"ITRK","INTERTEK GROUP PLC","Bens Industriais","Equity","8 029 821,65","0,06","8 029 821,65","192 277,00","41,76","Reino Unido","London Stock Exchange","GBP"
"SBRY","SAINSBURY(J) PLC","Bens de primeira necessidade","Equity","7 985 571,65","0,06","7 985 571,65","2 084 961,00","3,83","Reino Unido","London Stock Exchange","GBP"
"LI","KLEPIERRE REIT SA","Imobiliário","Equity","7 932 303,04","0,06","7 932 303,04","255 551,00","31,04","França","Nyse Euronext - Euronext Paris","EUR"
"SCHN","SCHINDLER HOLDING AG","Bens Industriais","Equity","7 911 683,48","0,06","7 911 683,48","29 530,00","267,92","Suíça","SIX Swiss Exchange","CHF"
"AM","DASSAULT AVIATION SA","Bens Industriais","Equity","7 864 700,00","0,06","7 864 700,00","25 370,00","310,00","França","Nyse Euronext - Euronext Paris","EUR"
"MAERSK A","A P MOLLER MAERSK","Bens Industriais","Equity","7 750 856,96","0,06","7 750 856,96","3 645,00","2 126,44","Dinamarca","Omx Nordic Exchange Copenhagen A/S","DKK"
"HEN","HENKEL AG","Bens de primeira necessidade","Equity","7 692 823,80","0,05","7 692 823,80","123 878,00","62,10","Alemanha","Xetra","EUR"
"EXO","EXOR NV","Produtos financeiros","Equity","7 669 953,75","0,05","7 669 953,75","120 313,00","63,75","Holanda","Euronext Amsterdam","EUR"
"NTGY","NATURGY ENERGY GROUP SA","Serviços públicos","Equity","7 656 642,44","0,05","7 656 642,44","298 621,00","25,64","Espanha","Bolsa De Madrid","EUR"
"GBLB","GROUPE BRUXELLES LAMBERT NV","Produtos financeiros","Equity","7 628 229,60","0,05","7 628 229,60","100 108,00","76,20","Bélgica","Nyse Euronext - Euronext Brussels","EUR"
"ELI","ELIA GROUP SA","Serviços públicos","Equity","7 538 017,20","0,05","7 538 017,20","59 542,00","126,60","Bélgica","Nyse Euronext - Euronext Brussels","EUR"
"MICC","MAGNUM ICE CREAM NV","Bens de primeira necessidade","Equity","7 527 810,95","0,05","7 527 810,95","591 716,00","12,72","Holanda","Euronext Amsterdam","EUR"
"IG","ITALGAS","Serviços públicos","Equity","7 375 684,80","0,05","7 375 684,80","754 160,00","9,78","Itália","Borsa Italiana","EUR"
"KGF","KINGFISHER PLC","Consumo discricionário","Equity","7 317 204,98","0,05","7 317 204,98","2 307 281,00","3,17","Reino Unido","London Stock Exchange","GBP"
"IPN","IPSEN SA","Cuidados de saúde","Equity","7 298 356,00","0,05","7 298 356,00","46 280,00","157,70","França","Nyse Euronext - Euronext Paris","EUR"
"HOT","HOCHTIEF AG","Bens Industriais","Equity","7 156 258,80","0,05","7 156 258,80","18 962,00","377,40","Alemanha","Xetra","EUR"
"SCA B","SVENSKA CELLULOSA B","Materiais","Equity","7 133 585,14","0,05","7 133 585,14","710 651,00","10,04","Suécia","Nasdaq Omx Nordic","SEK"
"LIFCO B","LIFCO CLASS B","Bens Industriais","Equity","7 095 231,80","0,05","7 095 231,80","275 256,00","25,78","Suécia","Nasdaq Omx Nordic","SEK"
"ELISA","ELISA","Comunicação","Equity","7 081 877,40","0,05","7 081 877,40","167 817,00","42,20","Finlândia","Nasdaq Omx Helsinki Ltd.","EUR"
"JMT","JERONIMO MARTINS SA","Bens de primeira necessidade","Equity","7 018 348,60","0,05","7 018 348,60","347 443,00","20,20","Portugal","Nyse Euronext - Euronext Lisbon","EUR"
"RNO","RENAULT SA","Consumo discricionário","Equity","7 004 377,68","0,05","7 004 377,68","247 592,00","28,29","França","Nyse Euronext - Euronext Paris","EUR"
"STERV","STORA ENSO CLASS R","Materiais","Equity","6 929 151,28","0,05","6 929 151,28","703 610,00","9,85","Finlândia","Nasdaq Omx Helsinki Ltd.","EUR"
"REC","RECORDATI INDUSTRIA CHIMICA E FARM","Cuidados de saúde","Equity","6 917 057,68","0,05","6 917 057,68","141 511,00","48,88","Itália","Borsa Italiana","EUR"
"UHR","THE SWATCH GROUP AG","Consumo discricionário","Equity","6 898 626,46","0,05","6 898 626,46","37 129,00","185,80","Suíça","SIX Swiss Exchange","CHF"
"INDU A","INDUSTRIVARDEN A","Produtos financeiros","Equity","6 891 815,32","0,05","6 891 815,32","165 220,00","41,71","Suécia","Nasdaq Omx Nordic","SEK"
"SPX","SPIRAX GROUP PLC","Bens Industriais","Equity","6 724 019,44","0,05","6 724 019,44","88 378,00","76,08","Reino Unido","London Stock Exchange","GBP"
"SDLF","STANDARD LIFE PLC","Produtos financeiros","Equity","6 701 415,92","0,05","6 701 415,92","875 499,00","7,65","Reino Unido","London Stock Exchange","GBP"
"SDR","SCHRODERS PLC","Produtos financeiros","Equity","6 657 500,15","0,05","6 657 500,15","1 008 012,00","6,60","Reino Unido","London Stock Exchange","GBP"
"JDEP","JDE PEETS NV","Bens de primeira necessidade","Equity","6 598 714,26","0,05","6 598 714,26","207 899,00","31,74","Holanda","Euronext Amsterdam","EUR"
"ANA","ACCIONA SA","Serviços públicos","Equity","6 520 010,20","0,05","6 520 010,20","30 553,00","213,40","Espanha","Bolsa De Madrid","EUR"
"GET","GETLINK","Bens Industriais","Equity","6 442 776,99","0,05","6 442 776,99","365 859,00","17,61","França","Nyse Euronext - Euronext Paris","EUR"
"NIBE B","NIBE INDUSTRIER CLASS B","Bens Industriais","Equity","6 435 531,29","0,05","6 435 531,29","1 912 836,00","3,36","Suécia","Nasdaq Omx Nordic","SEK"
"KESKOB","KESKO CLASS B","Bens de primeira necessidade","Equity","6 348 626,76","0,05","6 348 626,76","336 084,00","18,89","Finlândia","Nasdaq Omx Helsinki Ltd.","EUR"
"SRT3","SARTORIUS PREF AG","Cuidados de saúde","Equity","6 297 266,80","0,04","6 297 266,80","30 451,00","206,80","Alemanha","Xetra","EUR"
"BARN","BARRY CALLEBAUT AG","Bens de primeira necessidade","Equity","6 271 279,98","0,04","6 271 279,98","4 278,00","1 465,94","Suíça","SIX Swiss Exchange","CHF"
"PNDORA","PANDORA","Consumo discricionário","Equity","6 228 153,92","0,04","6 228 153,92","101 175,00","61,56","Dinamarca","Omx Nordic Exchange Copenhagen A/S","DKK"
"WTB","WHITBREAD PLC","Consumo discricionário","Equity","6 224 122,79","0,04","6 224 122,79","238 726,00","26,07","Reino Unido","London Stock Exchange","GBP"
"IAG","INTERNATIONAL AIRLINES GROUP SA","Bens Industriais","Equity","6 219 124,50","0,04","6 219 124,50","1 512 433,00","4,11","Espanha","Bolsa De Madrid","EUR"
"EMSN","EMS-CHEMIE HOLDING AG","Materiais","Equity","6 151 421,64","0,04","6 151 421,64","8 944,00","687,77","Suíça","SIX Swiss Exchange","CHF"
"INDT","INDUTRADE","Bens Industriais","Equity","6 120 138,25","0,04","6 120 138,25","324 269,00","18,87","Suécia","Nasdaq Omx Nordic","SEK"
"DIM","SARTORIUS STEDIM BIOTECH SA","Cuidados de saúde","Equity","6 069 360,00","0,04","6 069 360,00","36 784,00","165,00","França","Nyse Euronext - Euronext Paris","EUR"
"PAH3","PORSCHE AUTOMOBIL HOLDING PREF","Consumo discricionário","Equity","6 028 496,32","0,04","6 028 496,32","194 656,00","30,97","Alemanha","Xetra","EUR"
"RBI","RAIFFEISEN BANK INTERNATIONAL AG","Produtos financeiros","Equity","5 896 147,30","0,04","5 896 147,30","161 185,00","36,58","Áustria","Wiener Boerse Ag","EUR"
"EDPR","EDP RENOVAVEIS SA","Serviços públicos","Equity","5 859 515,97","0,04","5 859 515,97","447 633,00","13,09","Portugal","Nyse Euronext - Euronext Lisbon","EUR"
"AVOL","AVOLTA AG","Consumo discricionário","Equity","5 833 630,60","0,04","5 833 630,60","113 530,00","51,38","Suíça","SIX Swiss Exchange","CHF"
"CSG","CSG CLASS A NV","Bens Industriais","Equity","5 749 823,36","0,04","5 749 823,36","245 824,00","23,39","Holanda","Euronext Amsterdam","EUR"
"BZFUT","CASH COLLATERAL EUR BZFUT","Caixa e/ou Derivativos","Cash Collateral and Margins","5 735 530,00","0,04","5 735 530,00","5 735 530,00","100,00","União Europeia","-","EUR"
"G24","SCOUT24 N","Comunicação","Equity","5 707 454,90","0,04","5 707 454,90","90 094,00","63,35","Alemanha","Xetra","EUR"
"ZAL","ZALANDO","Consumo discricionário","Equity","5 642 217,57","0,04","5 642 217,57","280 289,00","20,13","Alemanha","Xetra","EUR"
"AUTO","AUTOTRADER GROUP PLC","Comunicação","Equity","5 611 639,57","0,04","5 611 639,57","1 087 479,00","5,16","Reino Unido","London Stock Exchange","GBP"
"BCVN","BC VAUD N","Produtos financeiros","Equity","5 578 246,88","0,04","5 578 246,88","40 457,00","137,88","Suíça","SIX Swiss Exchange","CHF"
"BMW3","BMW PREF AG","Consumo discricionário","Equity","5 528 749,80","0,04","5 528 749,80","70 836,00","78,05","Alemanha","Xetra","EUR"
"AMUN","AMUNDI SA","Produtos financeiros","Equity","5 464 515,05","0,04","5 464 515,05","75 217,00","72,65","França","Nyse Euronext - Euronext Paris","EUR"
"BEIJ B","BEIJER REF CLASS B","Bens Industriais","Equity","5 425 274,65","0,04","5 425 274,65","466 090,00","11,64","Suécia","Nasdaq Omx Nordic","SEK"
"LHA","DEUTSCHE LUFTHANSA AG","Bens Industriais","Equity","5 304 293,12","0,04","5 304 293,12","721 280,00","7,35","Alemanha","Xetra","EUR"
"HAG","HENSOLDT AG","Bens Industriais","Equity","5 255 943,00","0,04","5 255 943,00","78 330,00","67,10","Alemanha","Xetra","EUR"
"TITR","TELECOM ITALIA S.P.A.","Comunicação","Equity","5 250 972,67","0,04","5 250 972,67","7 458 768,00","0,70","Itália","Borsa Italiana","EUR"
"VER","VERBUND AG","Serviços públicos","Equity","5 214 017,05","0,04","5 214 017,05","81 917,00","63,65","Áustria","Wiener Boerse Ag","EUR"
"LAND","LAND SECURITIES GROUP REIT PLC","Imobiliário","Equity","5 180 208,32","0,04","5 180 208,32","844 045,00","6,14","Reino Unido","London Stock Exchange","GBP"
"EVK","EVONIK INDUSTRIES AG","Materiais","Equity","5 066 223,36","0,04","5 066 223,36","308 352,00","16,43","Alemanha","Xetra","EUR"
"P911","DR ING HC F PORSCHE PRF AG","Consumo discricionário","Equity","5 013 497,44","0,04","5 013 497,44","133 196,00","37,64","Alemanha","Xetra","EUR"
"TUB","FINANCIERE DE TUBIZE SA","Cuidados de saúde","Equity","5 006 569,00","0,04","5 006 569,00","24 482,00","204,50","Bélgica","Nyse Euronext - Euronext Brussels","EUR"
"ICSSAGD","BLK ICS GBP LIQ AGENCY DIS","Caixa e/ou Derivativos","Money Market","4 943 084,98","0,04","4 943 084,98","4 284 776,00","1,15","Irlanda","-","GBP"
"LOTB","LOTUS BAKERIES NV","Bens de primeira necessidade","Equity","4 918 980,00","0,04","4 918 980,00","514,00","9 570,00","Bélgica","Nyse Euronext - Euronext Brussels","EUR"
"BTRW","BARRATT REDROW PLC","Consumo discricionário","Equity","4 900 506,19","0,03","4 900 506,19","1 661 270,00","2,95","Reino Unido","London Stock Exchange","GBP"
"GJF","GJENSIDIGE FORSIKRING","Produtos financeiros","Equity","4 871 939,86","0,03","4 871 939,86","225 927,00","21,56","Noruega","Oslo Bors Asa","NOK"
"LEG","LEG IMMOBILIEN N","Imobiliário","Equity","4 789 188,45","0,03","4 789 188,45","88 443,00","54,15","Alemanha","Xetra","EUR"
"ENT","ENTAIN PLC","Consumo discricionário","Equity","4 643 753,05","0,03","4 643 753,05","745 980,00","6,23","Reino Unido","London Stock Exchange","GBP"
"AAF","AIRTEL AFRICA PLC","Comunicação","Equity","4 598 213,91","0,03","4 598 213,91","1 128 492,00","4,07","Reino Unido","London Stock Exchange","GBP"
"BMED","BANCA MEDIOLANUM","Produtos financeiros","Equity","4 596 664,80","0,03","4 596 664,80","271 992,00","16,90","Itália","Borsa Italiana","EUR"
"CPR","DAVIDE CAMPARI MILANO NV","Bens de primeira necessidade","Equity","4 429 903,97","0,03","4 429 903,97","722 424,00","6,13","Itália","Borsa Italiana","EUR"
"BIM","BIOMERIEUX SA","Cuidados de saúde","Equity","4 427 892,60","0,03","4 427 892,60","49 529,00","89,40","França","Nyse Euronext - Euronext Paris","EUR"
"IDR","INDRA SISTEMAS SA","Tecnologia de informação","Equity","4 427 055,00","0,03","4 427 055,00","98 379,00","45,00","Espanha","Bolsa De Madrid","EUR"
"SYENS","SYENSQO NV","Materiais","Equity","4 413 528,00","0,03","4 413 528,00","90 072,00","49,00","Bélgica","Nyse Euronext - Euronext Brussels","EUR"
"SW","SODEXO SA","Consumo discricionário","Equity","4 380 728,40","0,03","4 380 728,40","102 834,00","42,60","França","Nyse Euronext - Euronext Paris","EUR"
"LUND B","LUNDBERGFORETAGEN CLASS B","Produtos financeiros","Equity","4 328 262,53","0,03","4 328 262,53","91 023,00","47,55","Suécia","Nasdaq Omx Nordic","SEK"
"BKW","BKW N AG","Serviços públicos","Equity","4 296 161,17","0,03","4 296 161,17","26 193,00","164,02","Suíça","SIX Swiss Exchange","CHF"
"AYV","AYVENS SA","Bens Industriais","Equity","4 294 914,00","0,03","4 294 914,00","436 475,00","9,84","França","Nyse Euronext - Euronext Paris","EUR"
"NEM","NEMETSCHEK","Tecnologia de informação","Equity","4 228 698,50","0,03","4 228 698,50","68 315,00","61,90","Alemanha","Xetra","EUR"
"MAP","MAPFRE SA","Produtos financeiros","Equity","4 227 597,46","0,03","4 227 597,46","1 132 190,00","3,73","Espanha","Bolsa De Madrid","EUR"
"INPST","INPOST SA","Bens Industriais","Equity","4 215 381,12","0,03","4 215 381,12","280 278,00","15,04","Holanda","Euronext Amsterdam","EUR"
"SALM","SALMAR","Bens de primeira necessidade","Equity","4 174 242,93","0,03","4 174 242,93","85 179,00","49,01","Noruega","Oslo Bors Asa","NOK"
"BOL","BOLLORE","Energia","Equity","4 167 594,48","0,03","4 167 594,48","862 856,00","4,83","França","Nyse Euronext - Euronext Paris","EUR"
"ADP","AEROPORTS DE PARIS SA","Bens Industriais","Equity","4 158 316,00","0,03","4 158 316,00","40 372,00","103,00","França","Nyse Euronext - Euronext Paris","EUR"
"DIE","DIETEREN (D) SA","Consumo discricionário","Equity","4 154 832,00","0,03","4 154 832,00","26 230,00","158,40","Bélgica","Nyse Euronext - Euronext Brussels","EUR"
"BZU","BUZZI","Materiais","Equity","4 053 364,80","0,03","4 053 364,80","94 440,00","42,92","Itália","Borsa Italiana","EUR"
"BALD B","FASTIGHETS BALDER CLASS B","Imobiliário","Equity","4 042 531,12","0,03","4 042 531,12","822 205,00","4,92","Suécia","Nasdaq Omx Nordic","SEK"
"SAGA B","SAGAX CLASS B","Imobiliário","Equity","4 041 620,69","0,03","4 041 620,69","264 270,00","15,29","Suécia","Nasdaq Omx Nordic","SEK"
"SOF","SOFINA SA","Produtos financeiros","Equity","4 038 385,20","0,03","4 038 385,20","19 434,00","207,80","Bélgica","Nyse Euronext - Euronext Brussels","EUR"
"DHER","DELIVERY HERO","Consumo discricionário","Equity","3 832 538,76","0,03","3 832 538,76","230 598,00","16,62","Alemanha","Xetra","EUR"
"COV","COVIVIO SA","Imobiliário","Equity","3 715 610,70","0,03","3 715 610,70","73 869,00","50,30","França","Nyse Euronext - Euronext Paris","EUR"
"GFC","GECINA SA","Imobiliário","Equity","3 664 828,00","0,03","3 664 828,00","56 080,00","65,35","França","Nyse Euronext - Euronext Paris","EUR"
"RAA","RATIONAL AG","Bens Industriais","Equity","3 657 687,00","0,03","3 657 687,00","5 962,00","613,50","Alemanha","Xetra","EUR"
"EVD","CTS EVENTIM AG","Comunicação","Equity","3 650 997,44","0,03","3 650 997,44","74 632,00","48,92","Alemanha","Xetra","EUR"
"LATO B","LATOUR INVESTMENT CLASS B","Bens Industriais","Equity","3 307 505,83","0,02","3 307 505,83","185 819,00","17,80","Suécia","Nasdaq Omx Nordic","SEK"
"GRF","GRIFOLS SA CLASS A","Cuidados de saúde","Equity","3 200 662,34","0,02","3 200 662,34","366 712,00","8,73","Espanha","Bolsa De Madrid","EUR"
"HOLM B","HOLMEN CLASS B","Materiais","Equity","3 136 779,68","0,02","3 136 779,68","102 491,00","30,61","Suécia","Nasdaq Omx Nordic","SEK"
"DEMANT","DEMANT","Cuidados de saúde","Equity","2 945 035,31","0,02","2 945 035,31","118 254,00","24,90","Dinamarca","Omx Nordic Exchange Copenhagen A/S","DKK"
"RAND","RANDSTAD HOLDING","Bens Industriais","Equity","2 915 641,15","0,02","2 915 641,15","127 265,00","22,91","Holanda","Euronext Amsterdam","EUR"
"ROCK B","ROCKWOOL CLASS B","Bens Industriais","Equity","2 803 957,33","0,02","2 803 957,33","119 895,00","23,39","Dinamarca","Omx Nordic Exchange Copenhagen A/S","DKK"
"CVC","CVC CAPITAL PARTNERS PLC","Produtos financeiros","Equity","2 802 399,93","0,02","2 802 399,93","257 337,00","10,89","Holanda","Euronext Amsterdam","EUR"
"VSURE","VERISURE PLC","Bens Industriais","Equity","2 756 881,96","0,02","2 756 881,96","319 861,00","8,62","Suécia","Nasdaq Omx Nordic","EUR"
"JD.","JD SPORTS FASHION PLC","Consumo discricionário","Equity","2 522 470,33","0,02","2 522 470,33","3 216 436,00","0,78","Reino Unido","London Stock Exchange","GBP"
"RED","REDEIA CORPORACION SA","Serviços públicos","Equity","1 539 156,15","0,01","1 539 156,15","108 315,00","14,21","Espanha","Bolsa De Madrid","EUR"
"NOK","NOK CASH","Caixa e/ou Derivativos","Cash","997 008,11","0,01","997 008,11","11 179 470,00","8,92","Noruega","-","NOK"
"ETD_CHF","ETD CHF BALANCE WITH 06738C","Caixa e/ou Derivativos","Cash","-1,34","0,00","-1,34","-1,00","108,91","Suíça","-","CHF"
"ETD_GBP","ETD GBP BALANCE WITH 06738C","Caixa e/ou Derivativos","Cash","0,32","0,00","0,32","0,00","115,36","Reino Unido","-","GBP"
"DKK","DKK/EUR","Caixa e/ou Derivativos","FX","-7,80","0,00","-7,80","-7 222 311,00","1,00","União Europeia","-","EUR"
"USD","USD/EUR","Caixa e/ou Derivativos","FX","-5,71","0,00","-5,71","-631 236,00","1,00","União Europeia","-","EUR"
"SEK","SEK/EUR","Caixa e/ou Derivativos","FX","-5,59","0,00","-5,59","-7 338 054,00","1,00","União Europeia","-","EUR"
"SEK","SEK/EUR","Caixa e/ou Derivativos","FX","-3,82","0,00","-3,82","-5 025 378,00","1,00","União Europeia","-","EUR"
"DKK","DKK/EUR","Caixa e/ou Derivativos","FX","-2,32","0,00","-2,32","-1 716 008,00","1,00","União Europeia","-","EUR"
"NOK","NOK/EUR","Caixa e/ou Derivativos","FX","-0,88","0,00","-0,88","-1 181 794,00","1,00","União Europeia","-","EUR"
"USD","USD/EUR","Caixa e/ou Derivativos","FX","-0,59","0,00","-0,59","-128 459,00","1,00","União Europeia","-","EUR"
"CHF","CHF/EUR","Caixa e/ou Derivativos","FX","41,13","0,00","41,13","-1 201 866,00","1,00","União Europeia","-","EUR"
"GBP","GBP/EUR","Caixa e/ou Derivativos","FX","41,60","0,00","41,60","-1 820 915,00","1,00","União Europeia","-","EUR"
"GBP","GBP/EUR","Caixa e/ou Derivativos","FX","78,91","0,00","78,91","-3 978 424,00","1,00","União Europeia","-","EUR"
"ZRPM6","MSCI EUROPE INDEX JUN 26","Caixa e/ou Derivativos","Futures","0,00","0,00","89 307 840,00","2 269,00","393,60","-","Eurex Deutschland","EUR"
 