Fund Holdings as of,"30 mar. 2026"
 
Ticker,Name,Sector,Asset Class,Market Value,Weight (%),Notional Value,Shares,Price,Location,Exchange,Market Currency
"NVDA","NVIDIA CORP","Tecnologia de informação","Equity","9 303 533 067,55","7,38","9 303 533 067,55","56 327 015,00","165,17","Estados Unidos","NASDAQ","USD"
"AAPL","APPLE INC","Tecnologia de informação","Equity","8 392 982 169,06","6,66","8 392 982 169,06","34 030 662,00","246,63","Estados Unidos","NASDAQ","USD"
"MSFT","MICROSOFT CORP","Tecnologia de informação","Equity","6 178 609 409,84","4,90","6 178 609 409,84","17 212 529,00","358,96","Estados Unidos","NASDAQ","USD"
"AMZN","AMAZON COM INC","Consumo discricionário","Equity","4 550 294 719,25","3,61","4 550 294 719,25","22 643 915,00","200,95","Estados Unidos","NASDAQ","USD"
"GOOGL","ALPHABET INC CLASS A","Comunicação","Equity","3 690 975 490,00","2,93","3 690 975 490,00","13 495 340,00","273,50","Estados Unidos","NASDAQ","USD"
"AVGO","BROADCOM INC","Tecnologia de informação","Equity","3 224 644 851,35","2,56","3 224 644 851,35","10 990 235,00","293,41","Estados Unidos","NASDAQ","USD"
"GOOG","ALPHABET INC CLASS C","Comunicação","Equity","2 960 977 174,54","2,35","2 960 977 174,54","10 840 511,00","273,14","Estados Unidos","NASDAQ","USD"
"META","META PLATFORMS INC CLASS A","Comunicação","Equity","2 719 378 479,74","2,16","2 719 378 479,74","5 069 873,00","536,38","Estados Unidos","NASDAQ","USD"
"TSLA","TESLA INC","Consumo discricionário","Equity","2 316 533 960,40","1,84","2 316 533 960,40","6 520 305,00","355,28","Estados Unidos","NASDAQ","USD"
"BRKB","BERKSHIRE HATHAWAY INC CLASS B","Produtos financeiros","Equity","2 017 568 436,30","1,60","2 017 568 436,30","4 250 555,00","474,66","Estados Unidos","New York Stock Exchange Inc.","USD"
"JPM","JPMORGAN CHASE & CO","Produtos financeiros","Equity","1 773 471 409,83","1,41","1 773 471 409,83","6 249 679,00","283,77","Estados Unidos","New York Stock Exchange Inc.","USD"
"XOM","EXXON MOBIL CORP","Energia","Equity","1 661 006 741,55","1,32","1 661 006 741,55","9 686 865,00","171,47","Estados Unidos","New York Stock Exchange Inc.","USD"
"LLY","ELI LILLY","Cuidados de saúde","Equity","1 628 587 696,27","1,29","1 628 587 696,27","1 836 829,00","886,63","Estados Unidos","New York Stock Exchange Inc.","USD"
"JNJ","JOHNSON & JOHNSON","Cuidados de saúde","Equity","1 354 577 996,31","1,07","1 354 577 996,31","5 586 119,00","242,49","Estados Unidos","New York Stock Exchange Inc.","USD"
"WMT","WALMART INC","Bens de primeira necessidade","Equity","1 254 897 949,50","1,00","1 254 897 949,50","10 161 117,00","123,50","Estados Unidos","NASDAQ","USD"
"V","VISA INC CLASS A","Produtos financeiros","Equity","1 167 228 001,90","0,93","1 167 228 001,90","3 896 735,00","299,54","Estados Unidos","New York Stock Exchange Inc.","USD"
"COST","COSTCO WHOLESALE CORP","Bens de primeira necessidade","Equity","1 024 825 070,36","0,81","1 024 825 070,36","1 028 342,00","996,58","Estados Unidos","NASDAQ","USD"
"MA","MASTERCARD INC CLASS A","Produtos financeiros","Equity","932 563 320,00","0,74","932 563 320,00","1 887 780,00","494,00","Estados Unidos","New York Stock Exchange Inc.","USD"
"CVX","CHEVRON CORP","Energia","Equity","915 561 710,17","0,73","915 561 710,17","4 345 127,00","210,71","Estados Unidos","New York Stock Exchange Inc.","USD"
"NFLX","NETFLIX INC","Comunicação","Equity","909 888 929,73","0,72","909 888 929,73","9 786 909,00","92,97","Estados Unidos","NASDAQ","USD"
"ABBV","ABBVIE INC","Cuidados de saúde","Equity","873 087 851,52","0,69","873 087 851,52","4 096 696,00","213,12","Estados Unidos","New York Stock Exchange Inc.","USD"
"MU","MICRON TECHNOLOGY INC","Tecnologia de informação","Equity","839 550 777,80","0,67","839 550 777,80","2 608 921,00","321,80","Estados Unidos","NASDAQ","USD"
"PG","PROCTER & GAMBLE","Bens de primeira necessidade","Equity","779 609 679,12","0,62","779 609 679,12","5 387 021,00","144,72","Estados Unidos","New York Stock Exchange Inc.","USD"
"HD","HOME DEPOT INC","Consumo discricionário","Equity","746 505 365,00","0,59","746 505 365,00","2 307 590,00","323,50","Estados Unidos","New York Stock Exchange Inc.","USD"
"AMD","ADVANCED MICRO DEVICES INC","Tecnologia de informação","Equity","740 517 379,16","0,59","740 517 379,16","3 777 379,00","196,04","Estados Unidos","NASDAQ","USD"
"PLTR","PALANTIR TECHNOLOGIES INC CLASS A","Tecnologia de informação","Equity","728 333 714,85","0,58","728 333 714,85","5 295 047,00","137,55","Estados Unidos","NASDAQ","USD"
"BAC","BANK OF AMERICA CORP","Produtos financeiros","Equity","726 437 167,66","0,58","726 437 167,66","15 380 842,00","47,23","Estados Unidos","New York Stock Exchange Inc.","USD"
"CAT","CATERPILLAR INC","Bens Industriais","Equity","719 845 947,62","0,57","719 845 947,62","1 078 534,00","667,43","Estados Unidos","New York Stock Exchange Inc.","USD"
"CSCO","CISCO SYSTEMS INC","Tecnologia de informação","Equity","704 427 643,44","0,56","704 427 643,44","9 143 661,00","77,04","Estados Unidos","NASDAQ","USD"
"KO","COCA-COLA","Bens de primeira necessidade","Equity","684 407 014,52","0,54","684 407 014,52","8 973 476,00","76,27","Estados Unidos","New York Stock Exchange Inc.","USD"
"MRK","MERCK & CO INC","Cuidados de saúde","Equity","679 369 423,30","0,54","679 369 423,30","5 752 493,00","118,10","Estados Unidos","New York Stock Exchange Inc.","USD"
"GE","GE AEROSPACE","Bens Industriais","Equity","664 285 778,75","0,53","664 285 778,75","2 431 055,00","273,25","Estados Unidos","New York Stock Exchange Inc.","USD"
"PM","PHILIP MORRIS INTERNATIONAL INC","Bens de primeira necessidade","Equity","595 259 150,16","0,47","595 259 150,16","3 611 352,00","164,83","Estados Unidos","New York Stock Exchange Inc.","USD"
"AMAT","APPLIED MATERIAL INC","Tecnologia de informação","Equity","594 494 593,84","0,47","594 494 593,84","1 839 857,00","323,12","Estados Unidos","NASDAQ","USD"
"RTX","RTX CORP","Bens Industriais","Equity","582 085 533,30","0,46","582 085 533,30","3 110 262,00","187,15","Estados Unidos","New York Stock Exchange Inc.","USD"
"LRCX","LAM RESEARCH CORP","Tecnologia de informação","Equity","578 725 575,13","0,46","578 725 575,13","2 894 641,00","199,93","Estados Unidos","NASDAQ","USD"
"GS","GOLDMAN SACHS GROUP INC","Produtos financeiros","Equity","561 890 930,40","0,45","561 890 930,40","695 754,00","807,60","Estados Unidos","New York Stock Exchange Inc.","USD"
"WFC","WELLS FARGO","Produtos financeiros","Equity","550 545 792,00","0,44","550 545 792,00","7 168 565,00","76,80","Estados Unidos","New York Stock Exchange Inc.","USD"
"UNH","UNITEDHEALTH GROUP INC","Cuidados de saúde","Equity","550 087 022,87","0,44","550 087 022,87","2 101 253,00","261,79","Estados Unidos","New York Stock Exchange Inc.","USD"
"ORCL","ORACLE CORP","Tecnologia de informação","Equity","545 570 888,80","0,43","545 570 888,80","3 930 626,00","138,80","Estados Unidos","New York Stock Exchange Inc.","USD"
"LIN","LINDE PLC","Materiais","Equity","540 399 523,26","0,43","540 399 523,26","1 082 401,00","499,26","Estados Unidos","NASDAQ","USD"
"IBM","INTERNATIONAL BUSINESS MACHINES CO","Tecnologia de informação","Equity","514 048 151,50","0,41","514 048 151,50","2 166 694,00","237,25","Estados Unidos","New York Stock Exchange Inc.","USD"
"GEV","GE VERNOVA INC","Bens Industriais","Equity","510 658 211,55","0,41","510 658 211,55","624 773,00","817,35","Estados Unidos","New York Stock Exchange Inc.","USD"
"MCD","MCDONALDS CORP","Consumo discricionário","Equity","509 313 302,22","0,40","509 313 302,22","1 650 774,00","308,53","Estados Unidos","New York Stock Exchange Inc.","USD"
"PEP","PEPSICO INC","Bens de primeira necessidade","Equity","496 728 447,74","0,39","496 728 447,74","3 167 507,00","156,82","Estados Unidos","NASDAQ","USD"
"VZ","VERIZON COMMUNICATIONS INC","Comunicação","Equity","491 822 635,80","0,39","491 822 635,80","9 777 786,00","50,30","Estados Unidos","New York Stock Exchange Inc.","USD"
"T","AT&T INC","Comunicação","Equity","467 016 657,50","0,37","467 016 657,50","16 227 125,00","28,78","Estados Unidos","New York Stock Exchange Inc.","USD"
"INTC","INTEL CORPORATION CORP","Tecnologia de informação","Equity","448 295 195,67","0,36","448 295 195,67","10 883 593,00","41,19","Estados Unidos","NASDAQ","USD"
"NEE","NEXTERA ENERGY INC","Serviços públicos","Equity","444 511 383,05","0,35","444 511 383,05","4 829 021,00","92,05","Estados Unidos","New York Stock Exchange Inc.","USD"
"MS","MORGAN STANLEY","Produtos financeiros","Equity","441 648 477,81","0,35","441 648 477,81","2 788 713,00","158,37","Estados Unidos","New York Stock Exchange Inc.","USD"
"AMGN","AMGEN INC","Cuidados de saúde","Equity","435 798 394,00","0,35","435 798 394,00","1 248 706,00","349,00","Estados Unidos","NASDAQ","USD"
"C","CITIGROUP INC","Produtos financeiros","Equity","434 515 799,98","0,34","434 515 799,98","4 050 674,00","107,27","Estados Unidos","New York Stock Exchange Inc.","USD"
"KLAC","KLA CORP","Tecnologia de informação","Equity","420 084 489,78","0,33","420 084 489,78","303 841,00","1 382,58","Estados Unidos","NASDAQ","USD"
"TMO","THERMO FISHER SCIENTIFIC INC","Cuidados de saúde","Equity","418 237 321,85","0,33","418 237 321,85","871 237,00","480,05","Estados Unidos","New York Stock Exchange Inc.","USD"
"ABT","ABBOTT LABORATORIES","Cuidados de saúde","Equity","410 813 678,52","0,33","410 813 678,52","4 032 329,00","101,88","Estados Unidos","New York Stock Exchange Inc.","USD"
"CRM","SALESFORCE INC","Tecnologia de informação","Equity","401 878 498,92","0,32","401 878 498,92","2 171 964,00","185,03","Estados Unidos","New York Stock Exchange Inc.","USD"
"TJX","TJX INC","Consumo discricionário","Equity","401 010 937,92","0,32","401 010 937,92","2 574 048,00","155,79","Estados Unidos","New York Stock Exchange Inc.","USD"
"TXN","TEXAS INSTRUMENT INC","Tecnologia de informação","Equity","392 170 821,90","0,31","392 170 821,90","2 103 695,00","186,42","Estados Unidos","NASDAQ","USD"
"GILD","GILEAD SCIENCES INC","Cuidados de saúde","Equity","392 097 342,86","0,31","392 097 342,86","2 875 879,00","136,34","Estados Unidos","NASDAQ","USD"
"DIS","WALT DISNEY","Comunicação","Equity","387 316 591,20","0,31","387 316 591,20","4 106 410,00","94,32","Estados Unidos","New York Stock Exchange Inc.","USD"
"COP","CONOCOPHILLIPS","Energia","Equity","377 395 905,68","0,30","377 395 905,68","2 839 912,00","132,89","Estados Unidos","New York Stock Exchange Inc.","USD"
"ISRG","INTUITIVE SURGICAL INC","Cuidados de saúde","Equity","372 145 733,55","0,30","372 145 733,55","821 922,00","452,77","Estados Unidos","NASDAQ","USD"
"AXP","AMERICAN EXPRESS","Produtos financeiros","Equity","369 305 870,94","0,29","369 305 870,94","1 241 406,00","297,49","Estados Unidos","New York Stock Exchange Inc.","USD"
"PFE","PFIZER INC","Cuidados de saúde","Equity","365 988 105,74","0,29","365 988 105,74","13 179 262,00","27,77","Estados Unidos","New York Stock Exchange Inc.","USD"
"SCHW","CHARLES SCHWAB CORP","Produtos financeiros","Equity","360 325 714,32","0,29","360 325 714,32","3 871 972,00","93,06","Estados Unidos","New York Stock Exchange Inc.","USD"
"BA","BOEING","Bens Industriais","Equity","343 516 809,72","0,27","343 516 809,72","1 815 532,00","189,21","Estados Unidos","New York Stock Exchange Inc.","USD"
"ADI","ANALOG DEVICES INC","Tecnologia de informação","Equity","343 308 336,70","0,27","343 308 336,70","1 132 657,00","303,10","Estados Unidos","NASDAQ","USD"
"APH","AMPHENOL CORP CLASS A","Tecnologia de informação","Equity","339 490 758,80","0,27","339 490 758,80","2 849 272,00","119,15","Estados Unidos","New York Stock Exchange Inc.","USD"
"UBER","UBER TECHNOLOGIES INC","Bens Industriais","Equity","333 517 120,24","0,26","333 517 120,24","4 770 664,00","69,91","Estados Unidos","New York Stock Exchange Inc.","USD"
"UNP","UNION PACIFIC CORP","Bens Industriais","Equity","328 879 528,66","0,26","328 879 528,66","1 374 742,00","239,23","Estados Unidos","New York Stock Exchange Inc.","USD"
"HON","HONEYWELL INTERNATIONAL INC","Bens Industriais","Equity","328 865 569,68","0,26","328 865 569,68","1 471 566,00","223,48","Estados Unidos","NASDAQ","USD"
"DE","DEERE","Bens Industriais","Equity","324 091 476,50","0,26","324 091 476,50","583 423,00","555,50","Estados Unidos","New York Stock Exchange Inc.","USD"
"WELL","WELLTOWER INC","Imobiliário","Equity","315 876 657,60","0,25","315 876 657,60","1 617 392,00","195,30","Estados Unidos","New York Stock Exchange Inc.","USD"
"QCOM","QUALCOMM INC","Tecnologia de informação","Equity","314 281 341,51","0,25","314 281 341,51","2 473 293,00","127,07","Estados Unidos","NASDAQ","USD"
"BLK","BLACKROCK INC","Produtos financeiros","Equity","312 570 102,16","0,25","312 570 102,16","334 636,00","934,06","Estados Unidos","New York Stock Exchange Inc.","USD"
"ETN","EATON PLC","Bens Industriais","Equity","309 162 571,74","0,25","309 162 571,74","899 958,00","343,53","Estados Unidos","New York Stock Exchange Inc.","USD"
"BKNG","BOOKING HOLDINGS INC","Consumo discricionário","Equity","307 755 049,93","0,24","307 755 049,93","74 743,00","4 117,51","Estados Unidos","NASDAQ","USD"
"LOW","LOWES COMPANIES INC","Consumo discricionário","Equity","302 922 658,10","0,24","302 922 658,10","1 302 445,00","232,58","Estados Unidos","New York Stock Exchange Inc.","USD"
"SPGI","S&P GLOBAL INC","Produtos financeiros","Equity","296 201 598,08","0,24","296 201 598,08","709 312,00","417,59","Estados Unidos","New York Stock Exchange Inc.","USD"
"PANW","PALO ALTO NETWORKS INC","Tecnologia de informação","Equity","289 117 461,15","0,23","289 117 461,15","1 873 129,00","154,35","Estados Unidos","NASDAQ","USD"
"ACN","ACCENTURE PLC CLASS A","Tecnologia de informação","Equity","281 758 453,20","0,22","281 758 453,20","1 426 264,00","197,55","Estados Unidos","New York Stock Exchange Inc.","USD"
"BMY","BRISTOL MYERS SQUIBB","Cuidados de saúde","Equity","281 718 456,36","0,22","281 718 456,36","4 716 532,00","59,73","Estados Unidos","New York Stock Exchange Inc.","USD"
"LMT","LOCKHEED MARTIN CORP","Bens Industriais","Equity","280 918 478,12","0,22","280 918 478,12","469 316,00","598,57","Estados Unidos","New York Stock Exchange Inc.","USD"
"ANET","ARISTA NETWORKS INC","Tecnologia de informação","Equity","278 481 830,34","0,22","278 481 830,34","2 398 018,00","116,13","Estados Unidos","New York Stock Exchange Inc.","USD"
"PLD","PROLOGIS REIT INC","Imobiliário","Equity","277 806 920,38","0,22","277 806 920,38","2 157 221,00","128,78","Estados Unidos","New York Stock Exchange Inc.","USD"
"INTU","INTUIT INC","Tecnologia de informação","Equity","276 746 659,56","0,22","276 746 659,56","645 052,00","429,03","Estados Unidos","NASDAQ","USD"
"CB","CHUBB","Produtos financeiros","Equity","274 306 814,55","0,22","274 306 814,55","843 113,00","325,35","Estados Unidos","New York Stock Exchange Inc.","USD"
"PGR","PROGRESSIVE CORP","Produtos financeiros","Equity","273 599 794,23","0,22","273 599 794,23","1 358 557,00","201,39","Estados Unidos","New York Stock Exchange Inc.","USD"
"DHR","DANAHER CORP","Cuidados de saúde","Equity","267 970 392,48","0,21","267 970 392,48","1 457 232,00","183,89","Estados Unidos","New York Stock Exchange Inc.","USD"
"NEM","NEWMONT","Materiais","Equity","260 885 659,76","0,21","260 885 659,76","2 529 923,00","103,12","Estados Unidos","New York Stock Exchange Inc.","USD"
"MO","ALTRIA GROUP INC","Bens de primeira necessidade","Equity","260 771 670,06","0,21","260 771 670,06","3 890 953,00","67,02","Estados Unidos","New York Stock Exchange Inc.","USD"
"VRTX","VERTEX PHARMACEUTICALS INC","Cuidados de saúde","Equity","260 652 974,04","0,21","260 652 974,04","588 169,00","443,16","Estados Unidos","NASDAQ","USD"
"SYK","STRYKER CORP","Cuidados de saúde","Equity","260 657 599,80","0,21","260 657 599,80","799 318,00","326,10","Estados Unidos","New York Stock Exchange Inc.","USD"
"COF","CAPITAL ONE FINANCIAL CORP","Produtos financeiros","Equity","258 106 807,40","0,20","258 106 807,40","1 448 980,00","178,13","Estados Unidos","New York Stock Exchange Inc.","USD"
"MDT","MEDTRONIC PLC","Cuidados de saúde","Equity","254 741 170,86","0,20","254 741 170,86","2 971 089,00","85,74","Estados Unidos","New York Stock Exchange Inc.","USD"
"NOW","SERVICENOW INC","Tecnologia de informação","Equity","254 515 300,56","0,20","254 515 300,56","2 424 648,00","104,97","Estados Unidos","New York Stock Exchange Inc.","USD"
"PH","PARKER-HANNIFIN CORP","Bens Industriais","Equity","252 067 325,04","0,20","252 067 325,04","292 598,00","861,48","Estados Unidos","New York Stock Exchange Inc.","USD"
"CME","CME GROUP INC CLASS A","Produtos financeiros","Equity","248 577 203,82","0,20","248 577 203,82","835 329,00","297,58","Estados Unidos","NASDAQ","USD"
"SO","SOUTHERN","Serviços públicos","Equity","247 864 355,64","0,20","247 864 355,64","2 557 148,00","96,93","Estados Unidos","New York Stock Exchange Inc.","USD"
"MCK","MCKESSON CORP","Cuidados de saúde","Equity","244 223 424,42","0,19","244 223 424,42","283 918,00","860,19","Estados Unidos","New York Stock Exchange Inc.","USD"
"CMCSA","COMCAST CORP CLASS A","Comunicação","Equity","240 382 483,70","0,19","240 382 483,70","8 317 733,00","28,90","Estados Unidos","NASDAQ","USD"
"DUK","DUKE ENERGY CORP","Serviços públicos","Equity","237 982 320,86","0,19","237 982 320,86","1 806 866,00","131,71","Estados Unidos","New York Stock Exchange Inc.","USD"
"TMUS","T MOBILE US INC","Comunicação","Equity","234 966 237,14","0,19","234 966 237,14","1 098 281,00","213,94","Estados Unidos","NASDAQ","USD"
"APP","APPLOVIN CORP CLASS A","Tecnologia de informação","Equity","233 915 161,52","0,19","233 915 161,52","628 669,00","372,08","Estados Unidos","NASDAQ","USD"
"GLW","CORNING INC","Tecnologia de informação","Equity","232 953 039,45","0,18","232 953 039,45","1 812 159,00","128,55","Estados Unidos","New York Stock Exchange Inc.","USD"
"ADBE","ADOBE INC","Tecnologia de informação","Equity","229 437 847,43","0,18","229 437 847,43","951 511,00","241,13","Estados Unidos","NASDAQ","USD"
"SBUX","STARBUCKS CORP","Consumo discricionário","Equity","228 962 740,16","0,18","228 962 740,16","2 640 253,00","86,72","Estados Unidos","NASDAQ","USD"
"CRWD","CROWDSTRIKE HOLDINGS INC CLASS A","Tecnologia de informação","Equity","221 117 007,70","0,18","221 117 007,70","581 795,00","380,06","Estados Unidos","NASDAQ","USD"
"EQIX","EQUINIX REIT INC","Imobiliário","Equity","219 850 638,45","0,17","219 850 638,45","228 049,00","964,05","Estados Unidos","NASDAQ","USD"
"CEG","CONSTELLATION ENERGY CORP","Serviços públicos","Equity","216 072 702,95","0,17","216 072 702,95","723 595,00","298,61","Estados Unidos","NASDAQ","USD"
"BSX","BOSTON SCIENTIFIC CORP","Cuidados de saúde","Equity","216 067 826,59","0,17","216 067 826,59","3 433 463,00","62,93","Estados Unidos","New York Stock Exchange Inc.","USD"
"VRT","VERTIV HOLDINGS CLASS A","Bens Industriais","Equity","207 726 673,14","0,16","207 726 673,14","886 887,00","234,22","Estados Unidos","New York Stock Exchange Inc.","USD"
"NOC","NORTHROP GRUMMAN CORP","Bens Industriais","Equity","207 692 565,45","0,16","207 692 565,45","309 255,00","671,59","Estados Unidos","New York Stock Exchange Inc.","USD"
"TT","TRANE TECHNOLOGIES PLC","Bens Industriais","Equity","207 584 474,16","0,16","207 584 474,16","513 912,00","403,93","Estados Unidos","New York Stock Exchange Inc.","USD"
"HWM","HOWMET AEROSPACE INC","Bens Industriais","Equity","207 243 784,14","0,16","207 243 784,14","929 386,00","222,99","Estados Unidos","New York Stock Exchange Inc.","USD"
"CVS","CVS HEALTH CORP","Cuidados de saúde","Equity","206 768 511,60","0,16","206 768 511,60","2 947 940,00","70,14","Estados Unidos","New York Stock Exchange Inc.","USD"
"ICE","INTERCONTINENTAL EXCHANGE INC","Produtos financeiros","Equity","206 594 403,54","0,16","206 594 403,54","1 316 391,00","156,94","Estados Unidos","New York Stock Exchange Inc.","USD"
"WMB","WILLIAMS INC","Energia","Equity","204 976 032,22","0,16","204 976 032,22","2 828 426,00","72,47","Estados Unidos","New York Stock Exchange Inc.","USD"
"GD","GENERAL DYNAMICS CORP","Bens Industriais","Equity","200 640 453,29","0,16","200 640 453,29","588 751,00","340,79","Estados Unidos","New York Stock Exchange Inc.","USD"
"WDC","WESTERN DIGITAL CORP","Tecnologia de informação","Equity","197 779 902,90","0,16","197 779 902,90","785 870,00","251,67","Estados Unidos","NASDAQ","USD"
"WM","WASTE MANAGEMENT INC","Bens Industriais","Equity","197 584 391,52","0,16","197 584 391,52","859 212,00","229,96","Estados Unidos","New York Stock Exchange Inc.","USD"
"MRSH","MARSH INC","Produtos financeiros","Equity","196 066 590,72","0,16","196 066 590,72","1 122 176,00","174,72","Estados Unidos","New York Stock Exchange Inc.","USD"
"SNDK","SANDISK CORP","Tecnologia de informação","Equity","195 710 270,00","0,16","195 710 270,00","341 852,00","572,50","Estados Unidos","NASDAQ","USD"
"BX","BLACKSTONE INC","Produtos financeiros","Equity","193 682 023,20","0,15","193 682 023,20","1 735 502,00","111,60","Estados Unidos","New York Stock Exchange Inc.","USD"
"ADP","AUTOMATIC DATA PROCESSING INC","Bens Industriais","Equity","191 775 629,97","0,15","191 775 629,97","933 351,00","205,47","Estados Unidos","NASDAQ","USD"
"PNC","PNC FINANCIAL SERVICES GROUP INC","Produtos financeiros","Equity","188 797 520,22","0,15","188 797 520,22","936 217,00","201,66","Estados Unidos","New York Stock Exchange Inc.","USD"
"EOG","EOG RESOURCES INC","Energia","Equity","188 551 277,59","0,15","188 551 277,59","1 257 931,00","149,89","Estados Unidos","New York Stock Exchange Inc.","USD"
"AMT","AMERICAN TOWER REIT CORP","Imobiliário","Equity","184 793 410,28","0,15","184 793 410,28","1 084 723,00","170,36","Estados Unidos","New York Stock Exchange Inc.","USD"
"PWR","QUANTA SERVICES INC","Bens Industriais","Equity","184 393 233,44","0,15","184 393 233,44","345 448,00","533,78","Estados Unidos","New York Stock Exchange Inc.","USD"
"BK","BANK OF NEW YORK MELLON CORP","Produtos financeiros","Equity","183 747 920,98","0,15","183 747 920,98","1 595 311,00","115,18","Estados Unidos","New York Stock Exchange Inc.","USD"
"STX","SEAGATE TECHNOLOGY HOLDINGS PLC","Tecnologia de informação","Equity","183 616 823,61","0,15","183 616 823,61","506 627,00","362,43","Estados Unidos","NASDAQ","USD"
"USB","US BANCORP","Produtos financeiros","Equity","183 388 005,12","0,15","183 388 005,12","3 604 324,00","50,88","Estados Unidos","New York Stock Exchange Inc.","USD"
"FCX","FREEPORT MCMORAN INC","Materiais","Equity","182 316 881,30","0,14","182 316 881,30","3 336 082,00","54,65","Estados Unidos","New York Stock Exchange Inc.","USD"
"ORLY","OREILLY AUTOMOTIVE INC","Consumo discricionário","Equity","179 650 607,12","0,14","179 650 607,12","1 950 392,00","92,11","Estados Unidos","NASDAQ","USD"
"JCI","JOHNSON CONTROLS INTERNATIONAL PLC","Bens Industriais","Equity","179 336 138,98","0,14","179 336 138,98","1 416 781,00","126,58","Estados Unidos","New York Stock Exchange Inc.","USD"
"SLB","SLB NV","Energia","Equity","178 790 858,38","0,14","178 790 858,38","3 469 646,00","51,53","Estados Unidos","New York Stock Exchange Inc.","USD"
"VLO","VALERO ENERGY CORP","Energia","Equity","176 953 153,23","0,14","176 953 153,23","707 049,00","250,27","Estados Unidos","New York Stock Exchange Inc.","USD"
"REGN","REGENERON PHARMACEUTICALS INC","Cuidados de saúde","Equity","175 031 146,84","0,14","175 031 146,84","233 596,00","749,29","Estados Unidos","NASDAQ","USD"
"MMM","3M","Bens Industriais","Equity","173 997 394,76","0,14","173 997 394,76","1 220 863,00","142,52","Estados Unidos","New York Stock Exchange Inc.","USD"
"MDLZ","MONDELEZ INTERNATIONAL INC CLASS A","Bens de primeira necessidade","Equity","173 080 962,75","0,14","173 080 962,75","2 971 347,00","58,25","Estados Unidos","NASDAQ","USD"
"PSX","PHILLIPS","Energia","Equity","172 993 618,22","0,14","172 993 618,22","936 062,00","184,81","Estados Unidos","New York Stock Exchange Inc.","USD"
"CSX","CSX CORP","Bens Industriais","Equity","171 720 775,19","0,14","171 720 775,19","4 317 847,00","39,77","Estados Unidos","NASDAQ","USD"
"FDX","FEDEX CORP","Bens Industriais","Equity","171 276 099,84","0,14","171 276 099,84","501 159,00","341,76","Estados Unidos","New York Stock Exchange Inc.","USD"
"CDNS","CADENCE DESIGN SYSTEMS INC","Tecnologia de informação","Equity","170 975 121,92","0,14","170 975 121,92","631 184,00","270,88","Estados Unidos","NASDAQ","USD"
"SNPS","SYNOPSYS INC","Tecnologia de informação","Equity","169 919 524,88","0,13","169 919 524,88","443 492,00","383,14","Estados Unidos","NASDAQ","USD"
"HCA","HCA HEALTHCARE INC","Cuidados de saúde","Equity","169 740 887,58","0,13","169 740 887,58","362 826,00","467,83","Estados Unidos","New York Stock Exchange Inc.","USD"
"SHW","SHERWIN WILLIAMS","Materiais","Equity","168 870 978,90","0,13","168 870 978,90","534 571,00","315,90","Estados Unidos","New York Stock Exchange Inc.","USD"
"MPC","MARATHON PETROLEUM CORP","Energia","Equity","167 637 466,08","0,13","167 637 466,08","683 788,00","245,16","Estados Unidos","New York Stock Exchange Inc.","USD"
"AEP","AMERICAN ELECTRIC POWER INC","Serviços públicos","Equity","164 394 978,00","0,13","164 394 978,00","1 253 775,00","131,12","Estados Unidos","NASDAQ","USD"
"CMI","CUMMINS INC","Bens Industriais","Equity","164 025 946,70","0,13","164 025 946,70","320 551,00","511,70","Estados Unidos","New York Stock Exchange Inc.","USD"
"MSI","MOTOROLA SOLUTIONS INC","Tecnologia de informação","Equity","163 877 118,30","0,13","163 877 118,30","383 985,00","426,78","Estados Unidos","New York Stock Exchange Inc.","USD"
"UPS","UNITED PARCEL SERVICE INC CLASS B","Bens Industriais","Equity","162 957 557,70","0,13","162 957 557,70","1 716 246,00","94,95","Estados Unidos","New York Stock Exchange Inc.","USD"
"MAR","MARRIOTT INTERNATIONAL INC CLASS A","Consumo discricionário","Equity","162 794 455,92","0,13","162 794 455,92","509 832,00","319,31","Estados Unidos","NASDAQ","USD"
"AON","AON PLC CLASS A","Produtos financeiros","Equity","161 421 415,32","0,13","161 421 415,32","498 122,00","324,06","Estados Unidos","New York Stock Exchange Inc.","USD"
"EMR","EMERSON ELECTRIC","Bens Industriais","Equity","160 899 348,60","0,13","160 899 348,60","1 304 942,00","123,30","Estados Unidos","New York Stock Exchange Inc.","USD"
"CL","COLGATE-PALMOLIVE","Bens de primeira necessidade","Equity","160 476 443,86","0,13","160 476 443,86","1 871 882,00","85,73","Estados Unidos","New York Stock Exchange Inc.","USD"
"CRH","CRH PUBLIC LIMITED PLC","Materiais","Equity","158 367 018,99","0,13","158 367 018,99","1 553 989,00","101,91","Estados Unidos","New York Stock Exchange Inc.","USD"
"CI","CIGNA","Cuidados de saúde","Equity","157 615 649,92","0,13","157 615 649,92","610 724,00","258,08","Estados Unidos","New York Stock Exchange Inc.","USD"
"HLT","HILTON WORLDWIDE HOLDINGS INC","Consumo discricionário","Equity","157 246 916,51","0,12","157 246 916,51","531 473,00","295,87","Estados Unidos","New York Stock Exchange Inc.","USD"
"ROST","ROSS STORES INC","Consumo discricionário","Equity","156 532 994,85","0,12","156 532 994,85","749 715,00","208,79","Estados Unidos","NASDAQ","USD"
"WBD","WARNER BROS. DISCOVERY INC SERIES","Comunicação","Equity","156 017 351,07","0,12","156 017 351,07","5 759 223,00","27,09","Estados Unidos","NASDAQ","USD"
"ITW","ILLINOIS TOOL INC","Bens Industriais","Equity","155 745 074,32","0,12","155 745 074,32","607 928,00","256,19","Estados Unidos","New York Stock Exchange Inc.","USD"
"ECL","ECOLAB INC","Materiais","Equity","155 393 817,51","0,12","155 393 817,51","591 999,00","262,49","Estados Unidos","New York Stock Exchange Inc.","USD"
"MCO","MOODYS CORP","Produtos financeiros","Equity","153 748 448,90","0,12","153 748 448,90","355 858,00","432,05","Estados Unidos","New York Stock Exchange Inc.","USD"
"KMI","KINDER MORGAN INC","Energia","Equity","152 716 688,90","0,12","152 716 688,90","4 538 386,00","33,65","Estados Unidos","New York Stock Exchange Inc.","USD"
"GM","GENERAL MOTORS","Consumo discricionário","Equity","152 458 757,40","0,12","152 458 757,40","2 095 365,00","72,76","Estados Unidos","New York Stock Exchange Inc.","USD"
"RCL","ROYAL CARIBBEAN GROUP LTD","Consumo discricionário","Equity","152 422 881,53","0,12","152 422 881,53","583 169,00","261,37","Estados Unidos","New York Stock Exchange Inc.","USD"
"APD","AIR PRODUCTS AND CHEMICALS INC","Materiais","Equity","150 369 737,52","0,12","150 369 737,52","515 742,00","291,56","Estados Unidos","New York Stock Exchange Inc.","USD"
"TDG","TRANSDIGM GROUP INC","Bens Industriais","Equity","148 130 857,28","0,12","148 130 857,28","130 756,00","1 132,88","Estados Unidos","New York Stock Exchange Inc.","USD"
"LHX","L3HARRIS TECHNOLOGIES INC","Bens Industriais","Equity","147 166 234,83","0,12","147 166 234,83","432 931,00","339,93","Estados Unidos","New York Stock Exchange Inc.","USD"
"NSC","NORFOLK SOUTHERN CORP","Bens Industriais","Equity","146 700 361,98","0,12","146 700 361,98","519 606,00","282,33","Estados Unidos","New York Stock Exchange Inc.","USD"
"TRV","TRAVELERS COMPANIES INC","Produtos financeiros","Equity","146 267 479,50","0,12","146 267 479,50","501 225,00","291,82","Estados Unidos","New York Stock Exchange Inc.","USD"
"SRE","SEMPRA","Serviços públicos","Equity","145 971 591,48","0,12","145 971 591,48","1 511 406,00","96,58","Estados Unidos","New York Stock Exchange Inc.","USD"
"ELV","ELEVANCE HEALTH INC","Cuidados de saúde","Equity","145 701 981,48","0,12","145 701 981,48","511 612,00","284,79","Estados Unidos","New York Stock Exchange Inc.","USD"
"KKR","KKR AND CO INC","Produtos financeiros","Equity","144 129 350,52","0,11","144 129 350,52","1 595 057,00","90,36","Estados Unidos","New York Stock Exchange Inc.","USD"
"NKE","NIKE INC CLASS B","Consumo discricionário","Equity","141 565 615,80","0,11","141 565 615,80","2 762 795,00","51,24","Estados Unidos","New York Stock Exchange Inc.","USD"
"COR","CENCORA INC","Cuidados de saúde","Equity","139 766 962,59","0,11","139 766 962,59","450 963,00","309,93","Estados Unidos","New York Stock Exchange Inc.","USD"
"BKR","BAKER HUGHES CLASS A","Energia","Equity","139 303 925,52","0,11","139 303 925,52","2 295 714,00","60,68","Estados Unidos","NASDAQ","USD"
"SPG","SIMON PROPERTY GROUP REIT INC","Imobiliário","Equity","137 938 839,85","0,11","137 938 839,85","756 451,00","182,35","Estados Unidos","New York Stock Exchange Inc.","USD"
"PCAR","PACCAR INC","Bens Industriais","Equity","137 402 799,48","0,11","137 402 799,48","1 221 684,00","112,47","Estados Unidos","NASDAQ","USD"
"OKE","ONEOK INC","Energia","Equity","136 014 609,92","0,11","136 014 609,92","1 463 152,00","92,96","Estados Unidos","New York Stock Exchange Inc.","USD"
"TEL","TE CONNECTIVITY PLC","Tecnologia de informação","Equity","135 114 928,00","0,11","135 114 928,00","680 200,00","198,64","Estados Unidos","New York Stock Exchange Inc.","USD"
"CTAS","CINTAS CORP","Bens Industriais","Equity","132 885 696,06","0,11","132 885 696,06","787 891,00","168,66","Estados Unidos","NASDAQ","USD"
"DLR","DIGITAL REALTY TRUST REIT INC","Imobiliário","Equity","131 121 178,92","0,10","131 121 178,92","748 494,00","175,18","Estados Unidos","New York Stock Exchange Inc.","USD"
"TFC","TRUIST FINANCIAL CORP","Produtos financeiros","Equity","130 632 888,96","0,10","130 632 888,96","2 926 364,00","44,64","Estados Unidos","New York Stock Exchange Inc.","USD"
"O","REALTY INCOME REIT CORP","Imobiliário","Equity","130 404 943,30","0,10","130 404 943,30","2 132 542,00","61,15","Estados Unidos","New York Stock Exchange Inc.","USD"
"CTVA","CORTEVA INC","Materiais","Equity","129 309 510,75","0,10","129 309 510,75","1 558 885,00","82,95","Estados Unidos","New York Stock Exchange Inc.","USD"
"AJG","ARTHUR J GALLAGHER","Produtos financeiros","Equity","128 861 252,10","0,10","128 861 252,10","596 718,00","215,95","Estados Unidos","New York Stock Exchange Inc.","USD"
"AZO","AUTOZONE INC","Consumo discricionário","Equity","128 332 328,94","0,10","128 332 328,94","38 394,00","3 342,51","Estados Unidos","New York Stock Exchange Inc.","USD"
"DASH","DOORDASH INC CLASS A","Consumo discricionário","Equity","128 194 717,22","0,10","128 194 717,22","866 122,00","148,01","Estados Unidos","NASDAQ","USD"
"ALL","ALLSTATE CORP","Produtos financeiros","Equity","124 914 374,55","0,10","124 914 374,55","602 665,00","207,27","Estados Unidos","New York Stock Exchange Inc.","USD"
"TGT","TARGET CORP","Bens de primeira necessidade","Equity","124 667 211,92","0,10","124 667 211,92","1 049 564,00","118,78","Estados Unidos","New York Stock Exchange Inc.","USD"
"TRGP","TARGA RESOURCES CORP","Energia","Equity","123 664 181,85","0,10","123 664 181,85","498 465,00","248,09","Estados Unidos","New York Stock Exchange Inc.","USD"
"D","DOMINION ENERGY INC","Serviços públicos","Equity","122 800 758,88","0,10","122 800 758,88","1 985 782,00","61,84","Estados Unidos","New York Stock Exchange Inc.","USD"
"ABNB","AIRBNB INC CLASS A","Consumo discricionário","Equity","120 767 255,00","0,10","120 767 255,00","981 050,00","123,10","Estados Unidos","NASDAQ","USD"
"FAST","FASTENAL","Bens Industriais","Equity","119 961 807,36","0,10","119 961 807,36","2 658 728,00","45,12","Estados Unidos","NASDAQ","USD"
"CIEN","CIENA CORP","Tecnologia de informação","Equity","119 440 410,00","0,09","119 440 410,00","327 234,00","365,00","Estados Unidos","New York Stock Exchange Inc.","USD"
"HOOD","ROBINHOOD MARKETS INC CLASS A","Produtos financeiros","Equity","118 780 294,32","0,09","118 780 294,32","1 822 902,00","65,16","Estados Unidos","NASDAQ","USD"
"APO","APOLLO GLOBAL MANAGEMENT INC","Produtos financeiros","Equity","118 365 353,10","0,09","118 365 353,10","1 076 538,00","109,95","Estados Unidos","New York Stock Exchange Inc.","USD"
"MNST","MONSTER BEVERAGE CORP","Bens de primeira necessidade","Equity","117 914 497,12","0,09","117 914 497,12","1 653 316,00","71,32","Estados Unidos","NASDAQ","USD"
"AFL","AFLAC INC","Produtos financeiros","Equity","117 045 132,16","0,09","117 045 132,16","1 082 048,00","108,17","Estados Unidos","New York Stock Exchange Inc.","USD"
"FTNT","FORTINET INC","Tecnologia de informação","Equity","115 832 676,45","0,09","115 832 676,45","1 465 309,00","79,05","Estados Unidos","NASDAQ","USD"
"ADSK","AUTODESK INC","Tecnologia de informação","Equity","115 819 279,68","0,09","115 819 279,68","491 426,00","235,68","Estados Unidos","NASDAQ","USD"
"EXC","EXELON CORP","Serviços públicos","Equity","115 449 506,85","0,09","115 449 506,85","2 350 835,00","49,11","Estados Unidos","NASDAQ","USD"
"ETR","ENTERGY CORP","Serviços públicos","Equity","115 442 871,84","0,09","115 442 871,84","1 039 464,00","111,06","Estados Unidos","New York Stock Exchange Inc.","USD"
"ZTS","ZOETIS INC CLASS A","Cuidados de saúde","Equity","113 828 556,01","0,09","113 828 556,01","978 497,00","116,33","Estados Unidos","New York Stock Exchange Inc.","USD"
"DELL","DELL TECHNOLOGIES INC CLASS C","Tecnologia de informação","Equity","113 430 322,16","0,09","113 430 322,16","688 876,00","164,66","Estados Unidos","New York Stock Exchange Inc.","USD"
"MPWR","MONOLITHIC POWER SYSTEMS INC","Tecnologia de informação","Equity","113 153 160,26","0,09","113 153 160,26","112 889,00","1 002,34","Estados Unidos","NASDAQ","USD"
"CAH","CARDINAL HEALTH INC","Cuidados de saúde","Equity","112 538 391,42","0,09","112 538 391,42","545 482,00","206,31","Estados Unidos","New York Stock Exchange Inc.","USD"
"AME","AMETEK INC","Bens Industriais","Equity","111 454 612,56","0,09","111 454 612,56","534 888,00","208,37","Estados Unidos","New York Stock Exchange Inc.","USD"
"USD","USD CASH","Caixa e/ou Derivativos","Cash","110 793 386,85","0,09","110 793 386,85","110 793 387,00","100,00","Estados Unidos","-","USD"
"OXY","OCCIDENTAL PETROLEUM CORP","Energia","Equity","110 626 629,12","0,09","110 626 629,12","1 670 088,00","66,24","Estados Unidos","New York Stock Exchange Inc.","USD"
"NXPI","NXP SEMICONDUCTORS NV","Tecnologia de informação","Equity","109 427 889,62","0,09","109 427 889,62","583 958,00","187,39","Estados Unidos","NASDAQ","USD"
"VST","VISTRA CORP","Serviços públicos","Equity","108 832 881,00","0,09","108 832 881,00","737 650,00","147,54","Estados Unidos","New York Stock Exchange Inc.","USD"
"XEL","XCEL ENERGY INC","Serviços públicos","Equity","108 443 700,26","0,09","108 443 700,26","1 369 844,00","79,17","Estados Unidos","NASDAQ","USD"
"LITE","LUMENTUM HOLDINGS INC","Tecnologia de informação","Equity","108 382 150,38","0,09","108 382 150,38","165 522,00","654,79","Estados Unidos","NASDAQ","USD"
"GWW","WW GRAINGER INC","Bens Industriais","Equity","107 488 614,62","0,09","107 488 614,62","101 671,00","1 057,22","Estados Unidos","New York Stock Exchange Inc.","USD"
"KEYS","KEYSIGHT TECHNOLOGIES INC","Tecnologia de informação","Equity","107 317 587,63","0,09","107 317 587,63","398 343,00","269,41","Estados Unidos","New York Stock Exchange Inc.","USD"
"EW","EDWARDS LIFESCIENCES CORP","Cuidados de saúde","Equity","106 961 526,00","0,08","106 961 526,00","1 345 428,00","79,50","Estados Unidos","New York Stock Exchange Inc.","USD"
"EA","ELECTRONIC ARTS INC","Comunicação","Equity","105 656 055,46","0,08","105 656 055,46","521 578,00","202,57","Estados Unidos","NASDAQ","USD"
"URI","UNITED RENTALS INC","Bens Industriais","Equity","104 230 698,60","0,08","104 230 698,60","146 010,00","713,86","Estados Unidos","New York Stock Exchange Inc.","USD"
"FIX","COMFORT SYSTEMS USA INC","Bens Industriais","Equity","103 836 741,26","0,08","103 836 741,26","81 557,00","1 273,18","Estados Unidos","New York Stock Exchange Inc.","USD"
"RSG","REPUBLIC SERVICES INC","Bens Industriais","Equity","103 387 340,08","0,08","103 387 340,08","466 381,00","221,68","Estados Unidos","New York Stock Exchange Inc.","USD"
"IDXX","IDEXX LABORATORIES INC","Cuidados de saúde","Equity","103 231 005,36","0,08","103 231 005,36","185 304,00","557,09","Estados Unidos","NASDAQ","USD"
"BDX","BECTON DICKINSON","Cuidados de saúde","Equity","102 101 432,91","0,08","102 101 432,91","660 039,00","154,69","Estados Unidos","New York Stock Exchange Inc.","USD"
"F","FORD MOTOR CO","Consumo discricionário","Equity","101 354 015,53","0,08","101 354 015,53","9 041 393,00","11,21","Estados Unidos","New York Stock Exchange Inc.","USD"
"TER","TERADYNE INC","Tecnologia de informação","Equity","100 341 026,90","0,08","100 341 026,90","363 094,00","276,35","Estados Unidos","NASDAQ","USD"
"KR","KROGER","Bens de primeira necessidade","Equity","99 488 015,08","0,08","99 488 015,08","1 349 539,00","73,72","Estados Unidos","New York Stock Exchange Inc.","USD"
"YUM","YUM BRANDS INC","Consumo discricionário","Equity","99 433 833,90","0,08","99 433 833,90","643 210,00","154,59","Estados Unidos","New York Stock Exchange Inc.","USD"
"CARR","CARRIER GLOBAL CORP","Bens Industriais","Equity","98 999 670,96","0,08","98 999 670,96","1 821 186,00","54,36","Estados Unidos","New York Stock Exchange Inc.","USD"
"PSA","PUBLIC STORAGE REIT","Imobiliário","Equity","97 458 871,57","0,08","97 458 871,57","367 589,00","265,13","Estados Unidos","New York Stock Exchange Inc.","USD"
"COHR","COHERENT CORP","Tecnologia de informação","Equity","95 469 554,60","0,08","95 469 554,60","434 644,00","219,65","Estados Unidos","New York Stock Exchange Inc.","USD"
"CVNA","CARVANA CLASS A","Consumo discricionário","Equity","95 375 130,00","0,08","95 375 130,00","327 975,00","290,80","Estados Unidos","New York Stock Exchange Inc.","USD"
"PYPL","PAYPAL HOLDINGS INC","Produtos financeiros","Equity","95 326 986,09","0,08","95 326 986,09","2 134 027,00","44,67","Estados Unidos","NASDAQ","USD"
"ED","CONSOLIDATED EDISON INC","Serviços públicos","Equity","95 147 816,80","0,08","95 147 816,80","839 120,00","113,39","Estados Unidos","New York Stock Exchange Inc.","USD"
"DAL","DELTA AIR LINES INC","Bens Industriais","Equity","94 930 210,62","0,08","94 930 210,62","1 502 298,00","63,19","Estados Unidos","New York Stock Exchange Inc.","USD"
"PEG","PUBLIC SERVICE ENTERPRISE GROUP IN","Serviços públicos","Equity","94 566 471,27","0,08","94 566 471,27","1 161 893,00","81,39","Estados Unidos","New York Stock Exchange Inc.","USD"
"CMG","CHIPOTLE MEXICAN GRILL INC","Consumo discricionário","Equity","94 071 136,36","0,07","94 071 136,36","3 018 971,00","31,16","Estados Unidos","New York Stock Exchange Inc.","USD"
"WAB","WESTINGHOUSE AIR BRAKE TECHNOLOGIE","Bens Industriais","Equity","93 708 691,23","0,07","93 708 691,23","394 779,00","237,37","Estados Unidos","New York Stock Exchange Inc.","USD"
"FITB","FIFTH THIRD BANCORP","Produtos financeiros","Equity","93 326 198,92","0,07","93 326 198,92","2 088 769,00","44,68","Estados Unidos","NASDAQ","USD"
"EQT","EQT CORP","Energia","Equity","93 142 478,16","0,07","93 142 478,16","1 445 414,00","64,44","Estados Unidos","New York Stock Exchange Inc.","USD"
"AMP","AMERIPRISE FINANCE INC","Produtos financeiros","Equity","92 776 610,73","0,07","92 776 610,73","211 611,00","438,43","Estados Unidos","New York Stock Exchange Inc.","USD"
"EBAY","EBAY INC","Consumo discricionário","Equity","92 214 061,68","0,07","92 214 061,68","1 047 768,00","88,01","Estados Unidos","NASDAQ","USD"
"AIG","AMERICAN INTERNATIONAL GROUP INC","Produtos financeiros","Equity","91 973 062,00","0,07","91 973 062,00","1 242 040,00","74,05","Estados Unidos","New York Stock Exchange Inc.","USD"
"ROK","ROCKWELL AUTOMATION INC","Bens Industriais","Equity","91 038 130,71","0,07","91 038 130,71","261 221,00","348,51","Estados Unidos","New York Stock Exchange Inc.","USD"
"MSCI","MSCI INC","Produtos financeiros","Equity","90 590 865,36","0,07","90 590 865,36","170 322,00","531,88","Estados Unidos","New York Stock Exchange Inc.","USD"
"CBRE","CBRE GROUP INC CLASS A","Imobiliário","Equity","89 673 251,64","0,07","89 673 251,64","673 526,00","133,14","Estados Unidos","New York Stock Exchange Inc.","USD"
"FANG","DIAMONDBACK ENERGY INC","Energia","Equity","89 364 689,00","0,07","89 364 689,00","449 860,00","198,65","Estados Unidos","NASDAQ","USD"
"PCG","PG&E CORP","Serviços públicos","Equity","88 929 954,48","0,07","88 929 954,48","5 087 526,00","17,48","Estados Unidos","New York Stock Exchange Inc.","USD"
"VTR","VENTAS REIT INC","Imobiliário","Equity","88 887 689,66","0,07","88 887 689,66","1 089 043,00","81,62","Estados Unidos","New York Stock Exchange Inc.","USD"
"NUE","NUCOR CORP","Materiais","Equity","87 594 280,00","0,07","87 594 280,00","531 680,00","164,75","Estados Unidos","New York Stock Exchange Inc.","USD"
"DDOG","DATADOG INC CLASS A","Tecnologia de informação","Equity","87 364 631,99","0,07","87 364 631,99","754 379,00","115,81","Estados Unidos","NASDAQ","USD"
"WEC","WEC ENERGY GROUP INC","Serviços públicos","Equity","87 116 822,10","0,07","87 116 822,10","755 370,00","115,33","Estados Unidos","New York Stock Exchange Inc.","USD"
"ROP","ROPER TECHNOLOGIES INC","Tecnologia de informação","Equity","86 960 337,49","0,07","86 960 337,49","247 078,00","351,95","Estados Unidos","NASDAQ","USD"
"NDAQ","NASDAQ INC","Produtos financeiros","Equity","86 938 891,20","0,07","86 938 891,20","1 040 935,00","83,52","Estados Unidos","NASDAQ","USD"
"MET","METLIFE INC","Produtos financeiros","Equity","86 941 025,76","0,07","86 941 025,76","1 273 488,00","68,27","Estados Unidos","New York Stock Exchange Inc.","USD"
"HIG","HARTFORD INSURANCE GROUP INC","Produtos financeiros","Equity","86 850 659,92","0,07","86 850 659,92","646 018,00","134,44","Estados Unidos","New York Stock Exchange Inc.","USD"
"GRMN","GARMIN LTD","Consumo discricionário","Equity","85 651 514,00","0,07","85 651 514,00","378 989,00","226,00","Estados Unidos","New York Stock Exchange Inc.","USD"
"KDP","KEURIG DR PEPPER INC","Bens de primeira necessidade","Equity","83 247 090,10","0,07","83 247 090,10","3 147 338,00","26,45","Estados Unidos","NASDAQ","USD"
"COIN","COINBASE GLOBAL INC CLASS A","Produtos financeiros","Equity","83 126 982,89","0,07","83 126 982,89","516 991,00","160,79","Estados Unidos","NASDAQ","USD"
"DHI","D R HORTON INC","Consumo discricionário","Equity","82 768 828,37","0,07","82 768 828,37","624 529,00","132,53","Estados Unidos","New York Stock Exchange Inc.","USD"
"VMC","VULCAN MATERIALS","Materiais","Equity","82 020 785,22","0,07","82 020 785,22","307 263,00","266,94","Estados Unidos","New York Stock Exchange Inc.","USD"
"ODFL","OLD DOMINION FREIGHT LINE INC","Bens Industriais","Equity","81 308 254,50","0,06","81 308 254,50","428 502,00","189,75","Estados Unidos","NASDAQ","USD"
"CCI","CROWN CASTLE INC","Imobiliário","Equity","80 259 990,72","0,06","80 259 990,72","1 007 279,00","79,68","Estados Unidos","New York Stock Exchange Inc.","USD"
"MLM","MARTIN MARIETTA MATERIALS INC","Materiais","Equity","80 161 569,63","0,06","80 161 569,63","139 759,00","573,57","Estados Unidos","New York Stock Exchange Inc.","USD"
"STT","STATE STREET CORP","Produtos financeiros","Equity","79 924 200,18","0,06","79 924 200,18","647 579,00","123,42","Estados Unidos","New York Stock Exchange Inc.","USD"
"ADM","ARCHER DANIELS MIDLAND","Bens de primeira necessidade","Equity","79 452 075,50","0,06","79 452 075,50","1 107 346,00","71,75","Estados Unidos","New York Stock Exchange Inc.","USD"
"ACGL","ARCH CAPITAL GROUP LTD","Produtos financeiros","Equity","79 233 313,74","0,06","79 233 313,74","828 627,00","95,62","Estados Unidos","NASDAQ","USD"
"TTWO","TAKE TWO INTERACTIVE SOFTWARE INC","Comunicação","Equity","77 539 962,60","0,06","77 539 962,60","401 595,00","193,08","Estados Unidos","NASDAQ","USD"
"HAL","HALLIBURTON","Energia","Equity","76 702 929,42","0,06","76 702 929,42","1 953 717,00","39,26","Estados Unidos","New York Stock Exchange Inc.","USD"
"SYY","SYSCO CORP","Bens de primeira necessidade","Equity","76 648 849,20","0,06","76 648 849,20","1 106 044,00","69,30","Estados Unidos","New York Stock Exchange Inc.","USD"
"KVUE","KENVUE INC","Bens de primeira necessidade","Equity","76 431 919,44","0,06","76 431 919,44","4 433 406,00","17,24","Estados Unidos","New York Stock Exchange Inc.","USD"
"PRU","PRUDENTIAL FINANCIAL INC","Produtos financeiros","Equity","76 213 236,80","0,06","76 213 236,80","806 660,00","94,48","Estados Unidos","New York Stock Exchange Inc.","USD"
"AXON","AXON ENTERPRISE INC","Bens Industriais","Equity","76 048 295,26","0,06","76 048 295,26","183 218,00","415,07","Estados Unidos","NASDAQ","USD"
"MCHP","MICROCHIP TECHNOLOGY INC","Tecnologia de informação","Equity","75 385 570,26","0,06","75 385 570,26","1 255 171,00","60,06","Estados Unidos","NASDAQ","USD"
"KMB","KIMBERLY CLARK CORP","Bens de primeira necessidade","Equity","74 241 432,65","0,06","74 241 432,65","770 539,00","96,35","Estados Unidos","NASDAQ","USD"
"RMD","RESMED INC","Cuidados de saúde","Equity","74 090 701,90","0,06","74 090 701,90","336 730,00","220,03","Estados Unidos","New York Stock Exchange Inc.","USD"
"DVN","DEVON ENERGY CORP","Energia","Equity","74 072 107,20","0,06","74 072 107,20","1 437 735,00","51,52","Estados Unidos","New York Stock Exchange Inc.","USD"
"A","AGILENT TECHNOLOGIES INC","Cuidados de saúde","Equity","73 700 675,83","0,06","73 700 675,83","657 983,00","112,01","Estados Unidos","New York Stock Exchange Inc.","USD"
"HSY","HERSHEY FOODS","Bens de primeira necessidade","Equity","72 932 023,10","0,06","72 932 023,10","341 522,00","213,55","Estados Unidos","New York Stock Exchange Inc.","USD"
"GEHC","GE HEALTHCARE TECHNOLOGIES INC","Cuidados de saúde","Equity","72 734 590,50","0,06","72 734 590,50","1 057 650,00","68,77","Estados Unidos","NASDAQ","USD"
"EME","EMCOR GROUP INC","Bens Industriais","Equity","72 711 081,00","0,06","72 711 081,00","103 710,00","701,10","Estados Unidos","New York Stock Exchange Inc.","USD"
"XYZ","BLOCK INC CLASS A","Produtos financeiros","Equity","72 589 038,66","0,06","72 589 038,66","1 272 822,00","57,03","Estados Unidos","New York Stock Exchange Inc.","USD"
"ATO","ATMOS ENERGY CORP","Serviços públicos","Equity","70 950 359,48","0,06","70 950 359,48","383 474,00","185,02","Estados Unidos","New York Stock Exchange Inc.","USD"
"HBAN","HUNTINGTON BANCSHARES INC","Produtos financeiros","Equity","70 914 226,40","0,06","70 914 226,40","4 721 320,00","15,02","Estados Unidos","NASDAQ","USD"
"MTB","M&T BANK CORP","Produtos financeiros","Equity","70 789 111,41","0,06","70 789 111,41","351 957,00","201,13","Estados Unidos","New York Stock Exchange Inc.","USD"
"DTE","DTE ENERGY","Serviços públicos","Equity","70 332 271,80","0,06","70 332 271,80","481 530,00","146,06","Estados Unidos","New York Stock Exchange Inc.","USD"
"AEE","AMEREN CORP","Serviços públicos","Equity","70 271 756,64","0,06","70 271 756,64","640 698,00","109,68","Estados Unidos","New York Stock Exchange Inc.","USD"
"NRG","NRG ENERGY INC","Serviços públicos","Equity","69 603 793,20","0,06","69 603 793,20","492 840,00","141,23","Estados Unidos","New York Stock Exchange Inc.","USD"
"PAYX","PAYCHEX INC","Bens Industriais","Equity","69 500 577,60","0,06","69 500 577,60","746 355,00","93,12","Estados Unidos","NASDAQ","USD"
"HPE","HEWLETT PACKARD ENTERPRISE","Tecnologia de informação","Equity","68 823 483,40","0,05","68 823 483,40","3 043 940,00","22,61","Estados Unidos","New York Stock Exchange Inc.","USD"
"OTIS","OTIS WORLDWIDE CORP","Bens Industriais","Equity","68 744 171,94","0,05","68 744 171,94","900 618,00","76,33","Estados Unidos","New York Stock Exchange Inc.","USD"
"DOW","DOW INC","Materiais","Equity","68 585 949,03","0,05","68 585 949,03","1 638 069,00","41,87","Estados Unidos","New York Stock Exchange Inc.","USD"
"CBOE","CBOE GLOBAL MARKETS INC","Produtos financeiros","Equity","68 062 247,70","0,05","68 062 247,70","241 099,00","282,30","Estados Unidos","Cboe BZX","USD"
"FISV","FISERV INC","Produtos financeiros","Equity","67 984 895,79","0,05","67 984 895,79","1 246 743,00","54,53","Estados Unidos","NASDAQ","USD"
"CTSH","COGNIZANT TECHNOLOGY SOLUTIONS COR","Tecnologia de informação","Equity","67 650 572,16","0,05","67 650 572,16","1 107 936,00","61,06","Estados Unidos","NASDAQ","USD"
"CPRT","COPART INC","Bens Industriais","Equity","67 424 664,27","0,05","67 424 664,27","2 067 607,00","32,61","Estados Unidos","NASDAQ","USD"
"VICI","VICI PPTYS INC","Imobiliário","Equity","67 285 881,38","0,05","67 285 881,38","2 481 958,00","27,11","Estados Unidos","New York Stock Exchange Inc.","USD"
"IRM","IRON MOUNTAIN INC","Imobiliário","Equity","67 042 220,80","0,05","67 042 220,80","686 908,00","97,60","Estados Unidos","New York Stock Exchange Inc.","USD"
"WAT","WATERS CORP","Cuidados de saúde","Equity","66 592 056,30","0,05","66 592 056,30","226 990,00","293,37","Estados Unidos","New York Stock Exchange Inc.","USD"
"IBKR","INTERACTIVE BROKERS GROUP INC CLAS","Produtos financeiros","Equity","65 678 783,94","0,05","65 678 783,94","1 031 226,00","63,69","Estados Unidos","NASDAQ","USD"
"XYL","XYLEM INC","Bens Industriais","Equity","65 538 532,16","0,05","65 538 532,16","564 112,00","116,18","Estados Unidos","New York Stock Exchange Inc.","USD"
"IQV","IQVIA HOLDINGS INC","Cuidados de saúde","Equity","65 442 780,64","0,05","65 442 780,64","393 854,00","166,16","Estados Unidos","New York Stock Exchange Inc.","USD"
"PPL","PPL CORP","Serviços públicos","Equity","64 959 375,16","0,05","64 959 375,16","1 708 558,00","38,02","Estados Unidos","New York Stock Exchange Inc.","USD"
"CNP","CENTERPOINT ENERGY INC","Serviços públicos","Equity","64 932 353,94","0,05","64 932 353,94","1 510 406,00","42,99","Estados Unidos","New York Stock Exchange Inc.","USD"
"EIX","EDISON INTERNATIONAL","Serviços públicos","Equity","64 643 428,00","0,05","64 643 428,00","899 825,00","71,84","Estados Unidos","New York Stock Exchange Inc.","USD"
"TPR","TAPESTRY INC","Consumo discricionário","Equity","64 256 692,92","0,05","64 256 692,92","469 301,00","136,92","Estados Unidos","New York Stock Exchange Inc.","USD"
"UAL","UNITED AIRLINES HOLDINGS INC","Bens Industriais","Equity","63 894 292,45","0,05","63 894 292,45","749 845,00","85,21","Estados Unidos","NASDAQ","USD"
"CCL","CARNIVAL CORP","Consumo discricionário","Equity","63 874 125,40","0,05","63 874 125,40","2 665 865,00","23,96","Estados Unidos","New York Stock Exchange Inc.","USD"
"TDY","TELEDYNE TECHNOLOGIES INC","Tecnologia de informação","Equity","63 732 550,26","0,05","63 732 550,26","109 118,00","584,07","Estados Unidos","New York Stock Exchange Inc.","USD"
"WTW","WILLIS TOWERS WATSON PLC","Produtos financeiros","Equity","63 650 035,40","0,05","63 650 035,40","219 695,00","289,72","Estados Unidos","NASDAQ","USD"
"WDAY","WORKDAY INC CLASS A","Tecnologia de informação","Equity","63 580 445,04","0,05","63 580 445,04","493 752,00","128,77","Estados Unidos","NASDAQ","USD"
"IR","INGERSOLL RAND INC","Bens Industriais","Equity","63 477 115,74","0,05","63 477 115,74","825 021,00","76,94","Estados Unidos","New York Stock Exchange Inc.","USD"
"BIIB","BIOGEN INC","Cuidados de saúde","Equity","63 396 971,87","0,05","63 396 971,87","337 991,00","187,57","Estados Unidos","NASDAQ","USD"
"DOV","DOVER CORP","Bens Industriais","Equity","63 398 000,38","0,05","63 398 000,38","312 598,00","202,81","Estados Unidos","New York Stock Exchange Inc.","USD"
"EXR","EXTRA SPACE STORAGE REIT INC","Imobiliário","Equity","63 380 454,12","0,05","63 380 454,12","494 079,00","128,28","Estados Unidos","New York Stock Exchange Inc.","USD"
"CTRA","COTERRA ENERGY INC","Energia","Equity","63 119 402,01","0,05","63 119 402,01","1 757 711,00","35,91","Estados Unidos","New York Stock Exchange Inc.","USD"
"TPL","TEXAS PACIFIC LAND CORP","Energia","Equity","62 846 309,16","0,05","62 846 309,16","134 468,00","467,37","Estados Unidos","New York Stock Exchange Inc.","USD"
"AWK","AMERICAN WATER WORKS INC","Serviços públicos","Equity","62 826 600,32","0,05","62 826 600,32","452 576,00","138,82","Estados Unidos","New York Stock Exchange Inc.","USD"
"EXE","EXPAND ENERGY CORP","Energia","Equity","61 467 126,90","0,05","61 467 126,90","551 522,00","111,45","Estados Unidos","NASDAQ","USD"
"EXPE","EXPEDIA GROUP INC","Consumo discricionário","Equity","61 443 329,11","0,05","61 443 329,11","271 261,00","226,51","Estados Unidos","NASDAQ","USD"
"FE","FIRSTENERGY CORP","Serviços públicos","Equity","60 871 914,74","0,05","60 871 914,74","1 207 297,00","50,42","Estados Unidos","New York Stock Exchange Inc.","USD"
"VRSK","VERISK ANALYTICS INC","Bens Industriais","Equity","60 643 185,92","0,05","60 643 185,92","323 672,00","187,36","Estados Unidos","NASDAQ","USD"
"JBL","JABIL INC","Tecnologia de informação","Equity","60 497 475,92","0,05","60 497 475,92","244 454,00","247,48","Estados Unidos","New York Stock Exchange Inc.","USD"
"DG","DOLLAR GENERAL CORP","Bens de primeira necessidade","Equity","60 283 408,80","0,05","60 283 408,80","511 570,00","117,84","Estados Unidos","New York Stock Exchange Inc.","USD"
"ES","EVERSOURCE ENERGY","Serviços públicos","Equity","59 614 389,48","0,05","59 614 389,48","871 428,00","68,41","Estados Unidos","New York Stock Exchange Inc.","USD"
"NTRS","NORTHERN TRUST CORP","Produtos financeiros","Equity","58 839 371,76","0,05","58 839 371,76","431 912,00","136,23","Estados Unidos","NASDAQ","USD"
"MTD","METTLER TOLEDO INC","Cuidados de saúde","Equity","58 781 246,79","0,05","58 781 246,79","47 103,00","1 247,93","Estados Unidos","New York Stock Exchange Inc.","USD"
"HUBB","HUBBELL INC","Bens Industriais","Equity","58 142 501,55","0,05","58 142 501,55","123 165,00","472,07","Estados Unidos","New York Stock Exchange Inc.","USD"
"FICO","FAIR ISAAC CORP","Tecnologia de informação","Equity","57 648 227,34","0,05","57 648 227,34","55 011,00","1 047,94","Estados Unidos","New York Stock Exchange Inc.","USD"
"RJF","RAYMOND JAMES INC","Produtos financeiros","Equity","57 270 657,88","0,05","57 270 657,88","406 492,00","140,89","Estados Unidos","New York Stock Exchange Inc.","USD"
"FIS","FIDELITY NATIONAL INFORMATION SERV","Produtos financeiros","Equity","56 932 218,20","0,05","56 932 218,20","1 199 836,00","47,45","Estados Unidos","New York Stock Exchange Inc.","USD"
"CFG","CITIZENS FINANCIAL GROUP INC","Produtos financeiros","Equity","56 596 465,35","0,04","56 596 465,35","985 143,00","57,45","Estados Unidos","New York Stock Exchange Inc.","USD"
"CINF","CINCINNATI FINANCIAL CORP","Produtos financeiros","Equity","56 291 960,34","0,04","56 291 960,34","359 877,00","156,42","Estados Unidos","NASDAQ","USD"
"TSCO","TRACTOR SUPPLY","Consumo discricionário","Equity","55 976 997,82","0,04","55 976 997,82","1 232 702,00","45,41","Estados Unidos","NASDAQ","USD"
"DXCM","DEXCOM INC","Cuidados de saúde","Equity","55 218 514,00","0,04","55 218 514,00","892 060,00","61,90","Estados Unidos","NASDAQ","USD"
"STLD","STEEL DYNAMICS INC","Materiais","Equity","55 055 833,56","0,04","55 055 833,56","320 502,00","171,78","Estados Unidos","NASDAQ","USD"
"OMC","OMNICOM GROUP INC","Comunicação","Equity","54 928 541,08","0,04","54 928 541,08","729 269,00","75,32","Estados Unidos","New York Stock Exchange Inc.","USD"
"CMS","CMS ENERGY CORP","Serviços públicos","Equity","54 563 380,48","0,04","54 563 380,48","706 688,00","77,21","Estados Unidos","New York Stock Exchange Inc.","USD"
"PPG","PPG INDUSTRIES INC","Materiais","Equity","54 275 642,52","0,04","54 275 642,52","522 786,00","103,82","Estados Unidos","New York Stock Exchange Inc.","USD"
"LYV","LIVE NATION ENTERTAINMENT INC","Comunicação","Equity","53 974 172,62","0,04","53 974 172,62","362 998,00","148,69","Estados Unidos","New York Stock Exchange Inc.","USD"
"AVB","AVALONBAY COMMUNITIES REIT INC","Imobiliário","Equity","53 257 123,08","0,04","53 257 123,08","329 643,00","161,56","Estados Unidos","New York Stock Exchange Inc.","USD"
"SYF","SYNCHRONY FINANCIAL","Produtos financeiros","Equity","53 185 577,20","0,04","53 185 577,20","805 720,00","66,01","Estados Unidos","New York Stock Exchange Inc.","USD"
"ULTA","ULTA BEAUTY INC","Consumo discricionário","Equity","52 388 793,45","0,04","52 388 793,45","102 705,00","510,09","Estados Unidos","NASDAQ","USD"
"DRI","DARDEN RESTAURANTS INC","Consumo discricionário","Equity","51 950 007,10","0,04","51 950 007,10","266 342,00","195,05","Estados Unidos","New York Stock Exchange Inc.","USD"
"Q","QNITY ELECTRONICS INC","Tecnologia de informação","Equity","51 745 483,66","0,04","51 745 483,66","483 106,00","107,11","Estados Unidos","New York Stock Exchange Inc.","USD"
"CHD","CHURCH AND DWIGHT INC","Bens de primeira necessidade","Equity","51 522 125,03","0,04","51 522 125,03","548 633,00","93,91","Estados Unidos","New York Stock Exchange Inc.","USD"
"NI","NISOURCE INC","Serviços públicos","Equity","51 528 882,00","0,04","51 528 882,00","1 108 148,00","46,50","Estados Unidos","New York Stock Exchange Inc.","USD"
"ARES","ARES MANAGEMENT CORP CLASS A","Produtos financeiros","Equity","51 252 942,58","0,04","51 252 942,58","476 063,00","107,66","Estados Unidos","New York Stock Exchange Inc.","USD"
"ON","ON SEMICONDUCTOR CORP","Tecnologia de informação","Equity","50 833 999,70","0,04","50 833 999,70","913 295,00","55,66","Estados Unidos","NASDAQ","USD"
"LH","LABCORP HOLDINGS INC","Cuidados de saúde","Equity","50 771 286,00","0,04","50 771 286,00","192 600,00","263,61","Estados Unidos","New York Stock Exchange Inc.","USD"
"PHM","PULTEGROUP INC","Consumo discricionário","Equity","50 651 911,48","0,04","50 651 911,48","445 409,00","113,72","Estados Unidos","New York Stock Exchange Inc.","USD"
"RF","REGIONS FINANCIAL CORP","Produtos financeiros","Equity","50 646 382,08","0,04","50 646 382,08","2 006 592,00","25,24","Estados Unidos","New York Stock Exchange Inc.","USD"
"DGX","QUEST DIAGNOSTICS INC","Cuidados de saúde","Equity","50 273 631,24","0,04","50 273 631,24","254 989,00","197,16","Estados Unidos","New York Stock Exchange Inc.","USD"
"STE","STERIS","Cuidados de saúde","Equity","50 175 277,32","0,04","50 175 277,32","228 714,00","219,38","Estados Unidos","New York Stock Exchange Inc.","USD"
"CF","CF INDUSTRIES HOLDINGS INC","Materiais","Equity","49 767 168,00","0,04","49 767 168,00","361 680,00","137,60","Estados Unidos","New York Stock Exchange Inc.","USD"
"EFX","EQUIFAX INC","Bens Industriais","Equity","49 505 598,80","0,04","49 505 598,80","279 062,00","177,40","Estados Unidos","New York Stock Exchange Inc.","USD"
"LYB","LYONDELLBASELL INDUSTRIES NV CLASS","Materiais","Equity","49 316 622,24","0,04","49 316 622,24","598 648,00","82,38","Estados Unidos","New York Stock Exchange Inc.","USD"
"STZ","CONSTELLATION BRANDS INC CLASS A","Bens de primeira necessidade","Equity","49 311 768,00","0,04","49 311 768,00","326 568,00","151,00","Estados Unidos","New York Stock Exchange Inc.","USD"
"VLTO","VERALTO CORP","Bens Industriais","Equity","49 126 589,73","0,04","49 126 589,73","571 173,00","86,01","Estados Unidos","New York Stock Exchange Inc.","USD"
"WSM","WILLIAMS SONOMA INC","Consumo discricionário","Equity","48 939 762,64","0,04","48 939 762,64","276 746,00","176,84","Estados Unidos","New York Stock Exchange Inc.","USD"
"ALB","ALBEMARLE CORP","Materiais","Equity","48 499 620,18","0,04","48 499 620,18","273 669,00","177,22","Estados Unidos","New York Stock Exchange Inc.","USD"
"VRSN","VERISIGN INC","Tecnologia de informação","Equity","47 767 613,41","0,04","47 767 613,41","191 323,00","249,67","Estados Unidos","NASDAQ","USD"
"EQR","EQUITY RESIDENTIAL REIT","Imobiliário","Equity","47 102 186,28","0,04","47 102 186,28","804 066,00","58,58","Estados Unidos","New York Stock Exchange Inc.","USD"
"CPAY","CORPAY INC","Produtos financeiros","Equity","47 078 099,32","0,04","47 078 099,32","162 137,00","290,36","Estados Unidos","New York Stock Exchange Inc.","USD"
"NTAP","NETAPP INC","Tecnologia de informação","Equity","46 896 019,38","0,04","46 896 019,38","463 491,00","101,18","Estados Unidos","NASDAQ","USD"
"HUM","HUMANA INC","Cuidados de saúde","Equity","46 293 084,00","0,04","46 293 084,00","278 874,00","166,00","Estados Unidos","New York Stock Exchange Inc.","USD"
"SW","SMURFIT WESTROCK PLC","Materiais","Equity","46 256 184,00","0,04","46 256 184,00","1 209 312,00","38,25","Estados Unidos","New York Stock Exchange Inc.","USD"
"WRB","WR BERKLEY CORP","Produtos financeiros","Equity","45 990 153,75","0,04","45 990 153,75","694 191,00","66,25","Estados Unidos","New York Stock Exchange Inc.","USD"
"GIS","GENERAL MILLS INC","Bens de primeira necessidade","Equity","45 954 463,41","0,04","45 954 463,41","1 238 331,00","37,11","Estados Unidos","New York Stock Exchange Inc.","USD"
"FSLR","FIRST SOLAR INC","Tecnologia de informação","Equity","45 677 972,30","0,04","45 677 972,30","247 309,00","184,70","Estados Unidos","NASDAQ","USD"
"LDOS","LEIDOS HOLDINGS INC","Bens Industriais","Equity","45 666 452,30","0,04","45 666 452,30","296 170,00","154,19","Estados Unidos","New York Stock Exchange Inc.","USD"
"DLTR","DOLLAR TREE INC","Bens de primeira necessidade","Equity","45 330 632,26","0,04","45 330 632,26","428 699,00","105,74","Estados Unidos","NASDAQ","USD"
"TROW","T ROWE PRICE GROUP INC","Produtos financeiros","Equity","44 877 441,13","0,04","44 877 441,13","504 071,00","89,03","Estados Unidos","NASDAQ","USD"
"CHRW","CH ROBINSON WORLDWIDE INC","Bens Industriais","Equity","44 529 457,28","0,04","44 529 457,28","275 009,00","161,92","Estados Unidos","NASDAQ","USD"
"BR","BROADRIDGE FINANCIAL SOLUTIONS INC","Bens Industriais","Equity","44 400 600,72","0,04","44 400 600,72","271 663,00","163,44","Estados Unidos","New York Stock Exchange Inc.","USD"
"BRO","BROWN & BROWN INC","Produtos financeiros","Equity","44 293 593,50","0,04","44 293 593,50","678 725,00","65,26","Estados Unidos","New York Stock Exchange Inc.","USD"
"CHTR","CHARTER COMMUNICATIONS INC CLASS A","Comunicação","Equity","44 098 961,18","0,03","44 098 961,18","199 597,00","220,94","Estados Unidos","NASDAQ","USD"
"KHC","KRAFT HEINZ","Bens de primeira necessidade","Equity","44 093 709,04","0,03","44 093 709,04","1 973 756,00","22,34","Estados Unidos","NASDAQ","USD"
"EXPD","EXPEDITORS INTERNATIONAL OF WASHIN","Bens Industriais","Equity","43 891 481,88","0,03","43 891 481,88","310 231,00","141,48","Estados Unidos","New York Stock Exchange Inc.","USD"
"EVRG","EVERGY INC","Serviços públicos","Equity","43 508 764,99","0,03","43 508 764,99","533 261,00","81,59","Estados Unidos","NASDAQ","USD"
"PKG","PACKAGING CORP OF AMERICA","Materiais","Equity","42 956 047,68","0,03","42 956 047,68","205 492,00","209,04","Estados Unidos","New York Stock Exchange Inc.","USD"
"IP","INTERNATIONAL PAPER","Materiais","Equity","42 825 475,00","0,03","42 825 475,00","1 223 585,00","35,00","Estados Unidos","New York Stock Exchange Inc.","USD"
"SNA","SNAP ON INC","Bens Industriais","Equity","42 832 295,80","0,03","42 832 295,80","120 113,00","356,60","Estados Unidos","New York Stock Exchange Inc.","USD"
"LEN","LENNAR A CORP CLASS A","Consumo discricionário","Equity","42 446 535,76","0,03","42 446 535,76","500 077,00","84,88","Estados Unidos","New York Stock Exchange Inc.","USD"
"LNT","ALLIANT ENERGY CORP","Serviços públicos","Equity","42 350 604,51","0,03","42 350 604,51","592 399,00","71,49","Estados Unidos","NASDAQ","USD"
"NVR","NVR INC","Consumo discricionário","Equity","42 245 710,00","0,03","42 245 710,00","6 500,00","6 499,34","Estados Unidos","New York Stock Exchange Inc.","USD"
"DD","DUPONT DE NEMOURS INC","Materiais","Equity","41 941 564,50","0,03","41 941 564,50","948 475,00","44,22","Estados Unidos","New York Stock Exchange Inc.","USD"
"TSN","TYSON FOODS INC CLASS A","Bens de primeira necessidade","Equity","41 934 441,92","0,03","41 934 441,92","657 692,00","63,76","Estados Unidos","New York Stock Exchange Inc.","USD"
"KEY","KEYCORP","Produtos financeiros","Equity","41 878 799,40","0,03","41 878 799,40","2 158 701,00","19,40","Estados Unidos","New York Stock Exchange Inc.","USD"
"IFF","INTERNATIONAL FLAVORS & FRAGRANCES","Materiais","Equity","41 868 315,92","0,03","41 868 315,92","590 027,00","70,96","Estados Unidos","New York Stock Exchange Inc.","USD"
"SBAC","SBA COMMUNICATIONS REIT CORP CLASS","Imobiliário","Equity","41 822 505,63","0,03","41 822 505,63","246 261,00","169,83","Estados Unidos","NASDAQ","USD"
"L","LOEWS CORP","Produtos financeiros","Equity","41 703 898,95","0,03","41 703 898,95","394 065,00","105,83","Estados Unidos","New York Stock Exchange Inc.","USD"
"LUV","SOUTHWEST AIRLINES","Bens Industriais","Equity","41 326 943,13","0,03","41 326 943,13","1 138 797,00","36,29","Estados Unidos","New York Stock Exchange Inc.","USD"
"WST","WEST PHARMACEUTICAL SERVICES INC","Cuidados de saúde","Equity","41 108 507,16","0,03","41 108 507,16","167 694,00","245,14","Estados Unidos","New York Stock Exchange Inc.","USD"
"ZBH","ZIMMER BIOMET HOLDINGS INC","Cuidados de saúde","Equity","40 725 498,24","0,03","40 725 498,24","459 552,00","88,62","Estados Unidos","New York Stock Exchange Inc.","USD"
"WY","WEYERHAEUSER REIT","Imobiliário","Equity","40 700 151,24","0,03","40 700 151,24","1 676 283,00","24,28","Estados Unidos","New York Stock Exchange Inc.","USD"
"HPQ","HP INC","Tecnologia de informação","Equity","40 532 304,00","0,03","40 532 304,00","2 127 680,00","19,05","Estados Unidos","New York Stock Exchange Inc.","USD"
"PFG","PRINCIPAL FINANCIAL GROUP INC","Produtos financeiros","Equity","40 461 483,93","0,03","40 461 483,93","458 591,00","88,23","Estados Unidos","NASDAQ","USD"
"AMCR","AMCOR PLC","Materiais","Equity","40 428 078,86","0,03","40 428 078,86","1 060 826,00","38,11","Estados Unidos","New York Stock Exchange Inc.","USD"
"CSGP","COSTAR GROUP INC","Imobiliário","Equity","40 273 504,32","0,03","40 273 504,32","985 164,00","40,88","Estados Unidos","NASDAQ","USD"
"BG","BUNGE GLOBAL SA","Bens de primeira necessidade","Equity","39 609 489,92","0,03","39 609 489,92","313 664,00","126,28","Estados Unidos","New York Stock Exchange Inc.","USD"
"HOLX","HOLOGIC INC","Cuidados de saúde","Equity","39 218 684,95","0,03","39 218 684,95","519 109,00","75,55","Estados Unidos","NASDAQ","USD"
"PTC","PTC INC","Tecnologia de informação","Equity","38 967 095,24","0,03","38 967 095,24","279 014,00","139,66","Estados Unidos","NASDAQ","USD"
"MRNA","MODERNA INC","Cuidados de saúde","Equity","38 873 428,23","0,03","38 873 428,23","806 001,00","48,23","Estados Unidos","NASDAQ","USD"
"FTV","FORTIVE CORP","Bens Industriais","Equity","38 838 735,46","0,03","38 838 735,46","724 333,00","53,62","Estados Unidos","New York Stock Exchange Inc.","USD"
"EL","ESTEE LAUDER INC CLASS A","Bens de primeira necessidade","Equity","38 707 268,16","0,03","38 707 268,16","569 392,00","67,98","Estados Unidos","New York Stock Exchange Inc.","USD"
"FFIV","F5 INC","Tecnologia de informação","Equity","36 558 473,16","0,03","36 558 473,16","130 692,00","279,73","Estados Unidos","NASDAQ","USD"
"AKAM","AKAMAI TECHNOLOGIES INC","Tecnologia de informação","Equity","36 518 751,72","0,03","36 518 751,72","331 326,00","110,22","Estados Unidos","NASDAQ","USD"
"LVS","LAS VEGAS SANDS CORP","Consumo discricionário","Equity","36 405 934,16","0,03","36 405 934,16","705 268,00","51,62","Estados Unidos","New York Stock Exchange Inc.","USD"
"GPN","GLOBAL PAYMENTS INC","Produtos financeiros","Equity","36 389 418,00","0,03","36 389 418,00","548 860,00","66,30","Estados Unidos","New York Stock Exchange Inc.","USD"
"LULU","LULULEMON ATHLETICA INC","Consumo discricionário","Equity","36 364 606,29","0,03","36 364 606,29","249 363,00","145,83","Estados Unidos","NASDAQ","USD"
"ESS","ESSEX PROPERTY TRUST REIT INC","Imobiliário","Equity","36 092 604,48","0,03","36 092 604,48","148 768,00","242,61","Estados Unidos","New York Stock Exchange Inc.","USD"
"ROL","ROLLINS INC","Bens Industriais","Equity","36 069 162,48","0,03","36 069 162,48","680 037,00","53,04","Estados Unidos","New York Stock Exchange Inc.","USD"
"BALL","BALL CORP","Materiais","Equity","35 982 429,98","0,03","35 982 429,98","620 066,00","58,03","Estados Unidos","New York Stock Exchange Inc.","USD"
"CDW","CDW CORP","Tecnologia de informação","Equity","35 976 080,70","0,03","35 976 080,70","303 570,00","118,51","Estados Unidos","NASDAQ","USD"
"APA","APA CORP","Energia","Equity","35 919 987,84","0,03","35 919 987,84","821 216,00","43,74","Estados Unidos","NASDAQ","USD"
"JBHT","JB HUNT TRANSPORT SERVICES INC","Bens Industriais","Equity","35 662 128,89","0,03","35 662 128,89","174 157,00","204,77","Estados Unidos","NASDAQ","USD"
"KIM","KIMCO REALTY REIT CORP","Imobiliário","Equity","35 084 049,12","0,03","35 084 049,12","1 571 866,00","22,32","Estados Unidos","New York Stock Exchange Inc.","USD"
"SATS","ECHOSTAR CORP CLASS A","Comunicação","Equity","35 022 381,57","0,03","35 022 381,57","312 059,00","112,23","Estados Unidos","NASDAQ","USD"
"VTRS","VIATRIS INC","Cuidados de saúde","Equity","34 992 492,48","0,03","34 992 492,48","2 700 038,00","12,96","Estados Unidos","NASDAQ","USD"
"TXT","TEXTRON INC","Bens Industriais","Equity","34 698 616,65","0,03","34 698 616,65","403 707,00","85,95","Estados Unidos","New York Stock Exchange Inc.","USD"
"TRMB","TRIMBLE INC","Tecnologia de informação","Equity","34 702 945,68","0,03","34 702 945,68","554 892,00","62,54","Estados Unidos","NASDAQ","USD"
"INCY","INCYTE CORP","Cuidados de saúde","Equity","34 524 848,64","0,03","34 524 848,64","382 208,00","90,33","Estados Unidos","NASDAQ","USD"
"CNC","CENTENE CORP","Cuidados de saúde","Equity","34 363 366,20","0,03","34 363 366,20","1 080 609,00","31,80","Estados Unidos","New York Stock Exchange Inc.","USD"
"TYL","TYLER TECHNOLOGIES INC","Tecnologia de informação","Equity","34 250 436,55","0,03","34 250 436,55","100 397,00","341,15","Estados Unidos","New York Stock Exchange Inc.","USD"
"J","JACOBS SOLUTIONS INC","Bens Industriais","Equity","33 977 174,40","0,03","33 977 174,40","272 253,00","124,80","Estados Unidos","New York Stock Exchange Inc.","USD"
"PODD","INSULET CORP","Cuidados de saúde","Equity","33 864 236,01","0,03","33 864 236,01","162 801,00","208,01","Estados Unidos","NASDAQ","USD"
"GPC","GENUINE PARTS","Consumo discricionário","Equity","33 651 205,40","0,03","33 651 205,40","322 484,00","104,35","Estados Unidos","New York Stock Exchange Inc.","USD"
"HII","HUNTINGTON INGALLS INDUSTRIES INC","Bens Industriais","Equity","33 393 620,24","0,03","33 393 620,24","90 478,00","369,08","Estados Unidos","New York Stock Exchange Inc.","USD"
"MAA","MID AMERICA APARTMENT COMMUNITIES","Imobiliário","Equity","33 085 565,24","0,03","33 085 565,24","271 817,00","121,72","Estados Unidos","New York Stock Exchange Inc.","USD"
"APTV","APTIV PLC","Consumo discricionário","Equity","32 864 582,24","0,03","32 864 582,24","493 166,00","66,64","Estados Unidos","New York Stock Exchange Inc.","USD"
"LII","LENNOX INTERNATIONAL INC","Bens Industriais","Equity","32 705 191,38","0,03","32 705 191,38","73 662,00","443,99","Estados Unidos","New York Stock Exchange Inc.","USD"
"INVH","INVITATION HOMES INC","Imobiliário","Equity","32 652 036,93","0,03","32 652 036,93","1 318 209,00","24,77","Estados Unidos","New York Stock Exchange Inc.","USD"
"IEX","IDEX CORP","Bens Industriais","Equity","32 087 997,24","0,03","32 087 997,24","174 876,00","183,49","Estados Unidos","New York Stock Exchange Inc.","USD"
"COO","COOPER INC","Cuidados de saúde","Equity","31 855 291,86","0,03","31 855 291,86","459 606,00","69,31","Estados Unidos","NASDAQ","USD"
"PNR","PENTAIR","Bens Industriais","Equity","31 802 561,53","0,03","31 802 561,53","378 647,00","83,99","Estados Unidos","New York Stock Exchange Inc.","USD"
"NDSN","NORDSON CORP","Bens Industriais","Equity","31 713 376,48","0,03","31 713 376,48","123 803,00","256,16","Estados Unidos","NASDAQ","USD"
"MKC","MCCORMICK & CO NON-VOTING INC","Bens de primeira necessidade","Equity","31 350 938,28","0,02","31 350 938,28","583 599,00","53,72","Estados Unidos","New York Stock Exchange Inc.","USD"
"DECK","DECKERS OUTDOOR CORP","Consumo discricionário","Equity","31 246 554,55","0,02","31 246 554,55","329 015,00","94,97","Estados Unidos","New York Stock Exchange Inc.","USD"
"EG","EVEREST GROUP LTD","Produtos financeiros","Equity","30 497 455,59","0,02","30 497 455,59","94 323,00","323,33","Estados Unidos","New York Stock Exchange Inc.","USD"
"AVY","AVERY DENNISON CORP","Materiais","Equity","30 360 155,10","0,02","30 360 155,10","180 554,00","168,15","Estados Unidos","New York Stock Exchange Inc.","USD"
"TKO","TKO GROUP HOLDINGS INC CLASS A","Comunicação","Equity","30 098 025,25","0,02","30 098 025,25","154 025,00","195,41","Estados Unidos","New York Stock Exchange Inc.","USD"
"RL","RALPH LAUREN CORP CLASS A","Consumo discricionário","Equity","29 235 272,40","0,02","29 235 272,40","89 514,00","326,60","Estados Unidos","New York Stock Exchange Inc.","USD"
"BBY","BEST BUY INC","Consumo discricionário","Equity","28 667 533,51","0,02","28 667 533,51","448 561,00","63,91","Estados Unidos","New York Stock Exchange Inc.","USD"
"CLX","CLOROX","Bens de primeira necessidade","Equity","28 608 261,66","0,02","28 608 261,66","279 323,00","102,42","Estados Unidos","New York Stock Exchange Inc.","USD"
"REG","REGENCY CENTERS REIT CORP","Imobiliário","Equity","28 512 944,59","0,02","28 512 944,59","380 731,00","74,89","Estados Unidos","NASDAQ","USD"
"ALLE","ALLEGION PLC","Bens Industriais","Equity","28 416 962,97","0,02","28 416 962,97","198 873,00","142,89","Estados Unidos","New York Stock Exchange Inc.","USD"
"HST","HOST HOTELS & RESORTS REIT INC","Imobiliário","Equity","28 079 646,24","0,02","28 079 646,24","1 480 994,00","18,96","Estados Unidos","NASDAQ","USD"
"PNW","PINNACLE WEST CORP","Serviços públicos","Equity","27 963 960,50","0,02","27 963 960,50","278 110,00","100,55","Estados Unidos","New York Stock Exchange Inc.","USD"
"HAS","HASBRO INC","Consumo discricionário","Equity","27 683 457,27","0,02","27 683 457,27","309 693,00","89,39","Estados Unidos","NASDAQ","USD"
"MAS","MASCO CORP","Bens Industriais","Equity","27 656 914,60","0,02","27 656 914,60","471 961,00","58,60","Estados Unidos","New York Stock Exchange Inc.","USD"
"FOXA","FOX CORP CLASS A","Comunicação","Equity","27 506 684,70","0,02","27 506 684,70","465 190,00","59,13","Estados Unidos","NASDAQ","USD"
"DOC","HEALTHPEAK PROPERTIES INC","Imobiliário","Equity","27 086 110,65","0,02","27 086 110,65","1 636 623,00","16,55","Estados Unidos","New York Stock Exchange Inc.","USD"
"JKHY","JACK HENRY AND ASSOCIATES INC","Produtos financeiros","Equity","26 167 453,97","0,02","26 167 453,97","167 279,00","156,43","Estados Unidos","NASDAQ","USD"
"IT","GARTNER INC","Tecnologia de informação","Equity","25 922 951,16","0,02","25 922 951,16","162 894,00","159,14","Estados Unidos","New York Stock Exchange Inc.","USD"
"ALGN","ALIGN TECHNOLOGY INC","Cuidados de saúde","Equity","25 746 192,30","0,02","25 746 192,30","154 855,00","166,26","Estados Unidos","NASDAQ","USD"
"GL","GLOBE LIFE INC","Produtos financeiros","Equity","25 605 797,65","0,02","25 605 797,65","187 657,00","136,45","Estados Unidos","New York Stock Exchange Inc.","USD"
"GDDY","GODADDY INC CLASS A","Tecnologia de informação","Equity","25 608 406,34","0,02","25 608 406,34","313 291,00","81,74","Estados Unidos","New York Stock Exchange Inc.","USD"
"DPZ","DOMINOS PIZZA INC","Consumo discricionário","Equity","25 557 444,22","0,02","25 557 444,22","72 413,00","352,94","Estados Unidos","NASDAQ","USD"
"GNRC","GENERAC HOLDINGS INC","Bens Industriais","Equity","25 147 864,00","0,02","25 147 864,00","135 568,00","185,50","Estados Unidos","New York Stock Exchange Inc.","USD"
"AIZ","ASSURANT INC","Produtos financeiros","Equity","25 083 887,70","0,02","25 083 887,70","116 070,00","216,11","Estados Unidos","New York Stock Exchange Inc.","USD"
"SMCI","SUPER MICRO COMPUTER INC","Tecnologia de informação","Equity","24 453 692,64","0,02","24 453 692,64","1 161 144,00","21,06","Estados Unidos","NASDAQ","USD"
"GEN","GEN DIGITAL INC","Tecnologia de informação","Equity","23 875 594,96","0,02","23 875 594,96","1 303 253,00","18,32","Estados Unidos","NASDAQ","USD"
"IVZ","INVESCO LTD","Produtos financeiros","Equity","23 818 659,71","0,02","23 818 659,71","1 022 699,00","23,29","Estados Unidos","New York Stock Exchange Inc.","USD"
"SWK","STANLEY BLACK & DECKER INC","Bens Industriais","Equity","23 755 571,84","0,02","23 755 571,84","352 352,00","67,42","Estados Unidos","New York Stock Exchange Inc.","USD"
"CPT","CAMDEN PROPERTY TRUST REIT","Imobiliário","Equity","23 453 519,92","0,02","23 453 519,92","239 713,00","97,84","Estados Unidos","New York Stock Exchange Inc.","USD"
"UDR","UDR REIT INC","Imobiliário","Equity","23 401 374,48","0,02","23 401 374,48","695 228,00","33,66","Estados Unidos","New York Stock Exchange Inc.","USD"
"SJM","JM SMUCKER","Bens de primeira necessidade","Equity","23 405 538,78","0,02","23 405 538,78","245 934,00","95,17","Estados Unidos","New York Stock Exchange Inc.","USD"
"UHS","UNIVERSAL HEALTH SERVICES INC CLAS","Cuidados de saúde","Equity","23 153 468,70","0,02","23 153 468,70","127 147,00","182,10","Estados Unidos","New York Stock Exchange Inc.","USD"
"AES","AES CORP","Serviços públicos","Equity","23 137 864,94","0,02","23 137 864,94","1 650 347,00","14,02","Estados Unidos","New York Stock Exchange Inc.","USD"
"ZBRA","ZEBRA TECHNOLOGIES CORP CLASS A","Tecnologia de informação","Equity","22 722 591,60","0,02","22 722 591,60","114 012,00","199,30","Estados Unidos","NASDAQ","USD"
"TTD","TRADE DESK INC CLASS A","Comunicação","Equity","22 466 003,18","0,02","22 466 003,18","1 020 718,00","22,01","Estados Unidos","NASDAQ","USD"
"RVTY","REVVITY INC","Cuidados de saúde","Equity","22 214 394,72","0,02","22 214 394,72","262 024,00","84,78","Estados Unidos","New York Stock Exchange Inc.","USD"
"SOLV","SOLVENTUM CORP","Cuidados de saúde","Equity","21 704 087,70","0,02","21 704 087,70","342 066,00","63,45","Estados Unidos","New York Stock Exchange Inc.","USD"
"NWSA","NEWS CORP CLASS A","Comunicação","Equity","21 156 965,76","0,02","21 156 965,76","853 792,00","24,78","Estados Unidos","NASDAQ","USD"
"BLDR","BUILDERS FIRSTSOURCE INC","Bens Industriais","Equity","20 269 023,30","0,02","20 269 023,30","257 058,00","78,85","Estados Unidos","New York Stock Exchange Inc.","USD"
"TECH","BIO TECHNE CORP","Cuidados de saúde","Equity","19 089 104,64","0,02","19 089 104,64","366 816,00","52,04","Estados Unidos","NASDAQ","USD"
"WYNN","WYNN RESORTS LTD","Consumo discricionário","Equity","18 913 599,73","0,02","18 913 599,73","195 449,00","96,77","Estados Unidos","NASDAQ","USD"
"BAX","BAXTER INTERNATIONAL INC","Cuidados de saúde","Equity","18 822 429,40","0,01","18 822 429,40","1 191 293,00","15,80","Estados Unidos","New York Stock Exchange Inc.","USD"
"FRT","FEDERAL REALTY INVESTMENT TRUST RE","Imobiliário","Equity","18 667 106,46","0,01","18 667 106,46","178 701,00","104,46","Estados Unidos","New York Stock Exchange Inc.","USD"
"NCLH","NORWEGIAN CRUISE LINE HOLDINGS LTD","Consumo discricionário","Equity","18 659 562,35","0,01","18 659 562,35","1 057 199,00","17,65","Estados Unidos","New York Stock Exchange Inc.","USD"
"MOS","MOSAIC","Materiais","Equity","18 421 300,00","0,01","18 421 300,00","736 852,00","25,00","Estados Unidos","New York Stock Exchange Inc.","USD"
"SWKS","SKYWORKS SOLUTIONS INC","Tecnologia de informação","Equity","18 349 852,50","0,01","18 349 852,50","349 521,00","52,50","Estados Unidos","NASDAQ","USD"
"CRL","CHARLES RIVER LABORATORIES INTERNA","Cuidados de saúde","Equity","18 214 309,08","0,01","18 214 309,08","114 039,00","159,72","Estados Unidos","New York Stock Exchange Inc.","USD"
"FDS","FACTSET RESEARCH SYSTEMS INC","Produtos financeiros","Equity","17 960 717,30","0,01","17 960 717,30","87 806,00","204,55","Estados Unidos","New York Stock Exchange Inc.","USD"
"FOX","FOX CORP CLASS B","Comunicação","Equity","17 645 917,14","0,01","17 645 917,14","328 113,00","53,78","Estados Unidos","NASDAQ","USD"
"CAG","CONAGRA BRANDS INC","Bens de primeira necessidade","Equity","17 441 313,89","0,01","17 441 313,89","1 108 793,00","15,73","Estados Unidos","New York Stock Exchange Inc.","USD"
"EPAM","EPAM SYSTEMS INC","Tecnologia de informação","Equity","17 423 686,28","0,01","17 423 686,28","127 946,00","136,18","Estados Unidos","New York Stock Exchange Inc.","USD"
"BXP","BXP INC","Imobiliário","Equity","17 314 720,24","0,01","17 314 720,24","334 132,00","51,82","Estados Unidos","New York Stock Exchange Inc.","USD"
"AOS","A O SMITH CORP","Bens Industriais","Equity","16 847 881,28","0,01","16 847 881,28","264 571,00","63,68","Estados Unidos","New York Stock Exchange Inc.","USD"
"TAP","MOLSON COORS BREWING CLASS B","Bens de primeira necessidade","Equity","16 821 635,60","0,01","16 821 635,60","391 930,00","42,92","Estados Unidos","New York Stock Exchange Inc.","USD"
"HSIC","HENRY SCHEIN INC","Cuidados de saúde","Equity","16 723 762,60","0,01","16 723 762,60","230 038,00","72,70","Estados Unidos","NASDAQ","USD"
"ARE","ALEXANDRIA REAL ESTATE EQUITIES RE","Imobiliário","Equity","16 620 563,37","0,01","16 620 563,37","359 053,00","46,29","Estados Unidos","New York Stock Exchange Inc.","USD"
"BEN","FRANKLIN RESOURCES INC","Produtos financeiros","Equity","16 559 897,84","0,01","16 559 897,84","722 824,00","22,91","Estados Unidos","New York Stock Exchange Inc.","USD"
"MGM","MGM RESORTS INTERNATIONAL","Consumo discricionário","Equity","15 843 099,22","0,01","15 843 099,22","444 781,00","35,62","Estados Unidos","New York Stock Exchange Inc.","USD"
"HRL","HORMEL FOODS CORP","Bens de primeira necessidade","Equity","15 574 250,06","0,01","15 574 250,06","676 553,00","23,02","Estados Unidos","New York Stock Exchange Inc.","USD"
"POOL","POOL CORP","Consumo discricionário","Equity","15 254 081,16","0,01","15 254 081,16","76 084,00","200,49","Estados Unidos","NASDAQ","USD"
"ERIE","ERIE INDEMNITY CLASS A","Produtos financeiros","Equity","14 415 658,70","0,01","14 415 658,70","58 130,00","247,99","Estados Unidos","NASDAQ","USD"
"DVA","DAVITA INC","Cuidados de saúde","Equity","11 793 438,00","0,01","11 793 438,00","77 400,00","152,37","Estados Unidos","New York Stock Exchange Inc.","USD"
"MLIFT","CASH COLLATERAL USD MLIFT","Caixa e/ou Derivativos","Cash Collateral and Margins","10 621 000,00","0,01","10 621 000,00","10 621 000,00","100,00","Estados Unidos","-","USD"
"BFB","BROWN FORMAN CORP CLASS B","Bens de primeira necessidade","Equity","10 428 892,79","0,01","10 428 892,79","390 449,00","26,71","Estados Unidos","New York Stock Exchange Inc.","USD"
"CPB","CAMPBELL SOUP","Bens de primeira necessidade","Equity","10 203 864,64","0,01","10 203 864,64","460 048,00","22,18","Estados Unidos","NASDAQ","USD"
"GBP","GBP CASH","Caixa e/ou Derivativos","Cash","9 489 041,14","0,01","9 489 041,14","7 189 485,00","131,99","Reino Unido","-","GBP"
"NWS","NEWS CORP CLASS B","Comunicação","Equity","8 118 069,60","0,01","8 118 069,60","286 655,00","28,32","Estados Unidos","NASDAQ","USD"
"PSKY","PARAMOUNT SKYDANCE CORP CLASS B","Comunicação","Equity","6 435 235,88","0,01","6 435 235,88","721 439,00","8,92","Estados Unidos","NASDAQ","USD"
"MXN","MXN CASH","Caixa e/ou Derivativos","Cash","3 839 313,60","0,00","3 839 313,60","69 505 974,00","5,52","México","-","MXN"
"EUR","EUR CASH","Caixa e/ou Derivativos","Cash","321 606,94","0,00","321 606,94","280 500,00","114,66","União Europeia","-","EUR"
"ESM6","S&P500 EMINI JUN 26","Caixa e/ou Derivativos","Futures","0,00","0,00","137 986 200,00","432,00","6 388,25","-","Index And Options Market","USD"
 